X0,X1,Y0-,Y1-
0.3180345235191757,1.2695887994613,[0.31803452 1.2695888 ],[-0.78369635  0.25075671]
0.6839147559211967,0.3507903924761999,[0.68391476 0.35079039],[ 0.43599149 -0.88782371]
0.3238842684791719,3.067692573094238,[0.32388427 3.06769257],[-8.52683864 12.2481238 ]
2.829530337366459,2.118885616538626,[2.82953034 2.11888562],[-11.5612053   15.09500446]
2.693686304181577,0.4142633190810253,[2.6936863  0.41426332],[-6.50403948  8.63922076]
0.9688627893896907,3.1259503897433967,[0.96886279 3.12595039],[-9.70063063 13.23089553]
2.00173388884508,0.44135837868809874,[2.00173389 0.44135838],[-3.29631862  3.51728703]
1.2289193275456,2.0904095261318467,[1.22891933 2.09040953],[-4.94052818  5.12145169]
2.3405528796829826,2.2285555516276028,[2.34055288 2.22855555],[-9.35223719 11.7510784 ]
2.126598217709334,2.1518866810270967,[2.12659822 2.15188668],[-8.0534831   9.74910274]
1.3424632009031026,1.3895985741982797,[1.3424632  1.38959857],[-2.63697675  2.00225974]
0.4556649672495634,1.4471864001795964,[0.45566497 1.4471864 ],[-1.2852397   0.79825534]
1.563283175082867,1.9161798910706227,[1.56328318 1.91617989],[-5.12024175  5.27227319]
3.1151840050476767,0.9978001941352878,[3.11518401 0.99780019],[-9.6755034  13.17398483]
1.7235010352211801,2.3557077916211195,[1.72350104 2.35570779],[-7.59748152  8.88121238]
0.7641021898577183,2.344650865331723,[0.76410219 2.34465087],[-5.04900381  5.94497356]
1.0602080445610604,0.8440496456619135,[1.06020804 0.84404965],[-0.86000517 -0.13559358]
1.5564266376375346,0.42704274870466824,[1.55642664 0.42704275],[-1.64632052  1.24272   ]
3.076557741119126,2.4068628383507127,[3.07655774 2.40686284],[-14.29469952  19.54955136]
3.067006113258072,1.7497563626992523,[3.06700611 1.74975636],[-11.5108824  15.3028227]
0.9614475295054542,2.987926120255227,[0.96144753 2.98792612],[-8.82554145 11.8054204 ]
1.8657619676422539,0.2755351944322909,[1.86576197 0.27553519],[-2.62696775  2.8313804 ]
0.8558266062898747,0.7952077284798424,[0.85582661 0.79520773],[-0.28154429 -0.57247965]
0.12788291751278247,1.9869003312007296,[0.12788292 1.98690033],[-2.91250712  3.69868744]
0.9702407402138933,1.4310856181880776,[0.97024074 1.43108562],[-2.08879184  1.17609356]
2.6572497748513673,1.305136766051846,[2.65724977 1.30513677],[-7.71216108  9.60394361]
0.2030869739145684,2.031399676230616,[0.20308697 2.03139968],[-3.17017763  3.86668463]
1.6698424863896129,2.799937937822134,[1.66984249 2.79993794],[-9.69620046 12.31649192]
2.5652138929486794,0.5501878334068662,[2.56521389 0.55018783],[-5.98018939  7.53525448]
1.8777161251547023,3.0738119295279205,[1.87771613 3.07381193],[-12.05370159  16.04521914]
0.02061796076740515,0.3647881648828611,[0.02061796 0.36478816],[ 0.92840157 -0.50382124]
1.7125787823373233,2.7990580387907955,[1.71257878 2.79905804],[-9.84789224 12.51203034]
1.5475257147938273,1.1154607685977227,[1.54752571 1.11546077],[-2.72338392  1.95220416]
1.593489470445712,3.0294952054433466,[1.59348947 3.02949521],[-10.70643042  14.18813043]
1.2936441764232292,1.5389648876959998,[1.29364418 1.53896489],[-3.02318464  2.41863823]
0.02233980348974212,2.4859945738635014,[0.0223398  2.48599457],[-5.08169989  7.34466742]
1.5724445109523315,0.5969243221414042,[1.57244451 0.59692432],[-1.74011835  1.31906311]
1.6880385325399176,1.85696750625912,[1.68803853 1.85696751],[-5.2254475   5.50559274]
2.899630832369497,2.252288503700503,[2.89963083 2.2522885 ],[-12.52227081  16.65748626]
1.9410467959050943,2.8123267997562613,[1.9410468 2.8123268],[-10.77395382  13.84694219]
0.5420243440313287,1.099121628306891,[0.54202434 1.09912163],[-0.45185625 -0.27857446]
1.3009680355285906,2.3472098523071177,[1.30096804 2.34720985],[-6.22604762  7.10746806]
0.906512667707644,3.039599657348216,[0.90651267 3.03959966],[-9.0684255  12.22963794]
1.40189745980912,0.9085794525327326,[1.40189746 0.90857945],[-1.88833288  0.96071239]
1.9066391295890153,0.1269966982608249,[1.90663913 0.1269967 ],[-2.60287618  3.23553021]
1.4788426862803388,1.2155288452515962,[1.47884269 1.21552885],[-2.66327529  1.94022907]
2.4944127366927136,0.847878889694694,[2.49441274 0.84787889],[-5.8904269   7.19740377]
1.5221785391707583,1.3237468483757269,[1.52217854 1.32374685],[-3.02520729  2.44681567]
0.41400733698705944,1.4421405916797314,[0.41400734 1.44214059],[-1.27488586  0.79004727]
0.8652098005802326,2.7295109668063,[0.8652098  2.72951097],[-7.17904545  9.2081947 ]
2.846364579525601,2.886646522600387,[2.84636458 2.88664652],[-15.3351507   21.40301673]
1.8330580950872262,1.8380754146296332,[1.8330581  1.83807541],[-5.63864712  6.1349794 ]
0.6236150722649322,0.8689689156210478,[0.62361507 0.86896892],[-0.23004006 -0.69716251]
3.000765226930675,2.3115813399554237,[3.00076523 2.31158134],[-13.39536205  18.07130734]
1.1724214792363885,2.9197318589828942,[1.17242148 2.91973186],[-8.80091106 11.61450583]
1.9342481454141198,0.2508630162533584,[1.93424815 0.25086302],[-2.85155851  3.23827396]
1.003820793095296,0.4061864517991452,[1.00382079 0.40618645],[-0.0735028  -0.47472725]
0.7118036106443473,0.43001304294547205,[0.71180361 0.43001304],[ 0.23388778 -0.90048211]
0.7810367679273321,0.1644941912221229,[0.78103677 0.16449419],[ 0.26453224 -0.61690837]
2.8192137764573224,2.4913468581305187,[2.81921378 2.49134686],[-13.09961977  17.6884297 ]
2.602427900318886,2.857637106218454,[2.6024279  2.85763711],[-13.86536903  18.9573116 ]
2.19679816756212,2.5007498513734983,[2.19679817 2.50074985],[-10.02851868  12.76424798]
1.247368589570938,1.3595013740111574,[1.24736859 1.35950137],[-2.32690827  1.59460484]
0.04606592558427839,0.6094015786292024,[0.04606593 0.60940158],[ 0.66207355 -0.5639503 ]
1.6045151563452784,1.8275691691762215,[1.60451516 1.82756917],[-4.8637174   4.96478726]
1.823419787723002,1.3105630081767616,[1.82341979 1.31056301],[-4.1278806   3.81690465]
0.860816737171254,1.1812412690004825,[0.86081674 1.18124127],[-1.21586617  0.18855677]
2.31382245650274,0.18798286868311498,[2.31382246 0.18798287],[-4.36207753  5.77461319]
1.1992354132614667,3.0224760275696263,[1.19923541 3.02247603],[-9.4763848  12.70363095]
2.3743976265194804,0.4563896045598273,[2.37439763 0.4563896 ],[-4.94552306  6.03053666]
2.9894722208114244,1.2398682315448402,[2.98947222 1.23986823],[-9.37422002 12.48975388]
2.273969494604876,0.4672309454608023,[2.27396949 0.46723095],[-4.48873451  5.29608316]
2.2634204830412163,0.3428022363886014,[2.26342048 0.34280224],[-4.31466006  5.26872587]
0.48699616387651745,1.1759785667443927,[0.48699616 1.17597857],[-0.52009093 -0.08576776]
2.276186620212426,2.179924022496621,[2.27618662 2.17992402],[-8.83900651 10.95396726]
2.340184851653939,0.9221272922344473,[2.34018485 0.92212729],[-5.23060828  6.12894348]
1.4723248341678428,1.6733903013244966,[1.47232483 1.6733903 ],[-3.91574861  3.64452076]
1.7466526945004606,0.5079718068687633,[1.74665269 0.50797181],[-2.32713559  2.10841298]
1.05036732141973,1.4599098684654244,[1.05036732 1.45990987],[-2.31964852  1.44866229]
3.110536403959537,0.5141742741147955,[3.1105364  0.51417427],[-9.02656991 12.63020245]
2.9502129399031247,1.3775371969321406,[2.95021294 1.3775372 ],[-9.52528719 12.54722997]
1.305992177519697,0.5086716357894799,[1.30599218 0.50867164],[-0.87010576  0.29939717]
2.230107116720707,1.3660011836624133,[2.23010712 1.36600118],[-5.92005117  6.48645737]
1.4532051996967148,0.14468763863548864,[1.4532052  0.14468764],[-1.13444005  1.06969405]
0.9281333102782519,0.548998382994904,[0.92813331 0.54899838],[-0.22667326 -0.62860205]
2.1400273883616228,0.9358420676610247,[2.14002739 0.93584207],[-4.36036838  4.75929629]
2.8567504641281443,3.0127035784656377,[2.85675046 3.01270358],[-16.14630321  22.73590405]
2.2770226843401886,2.742973159609653,[2.27702268 2.74297316],[-11.69975248  15.37747643]
0.7236264404913739,1.96588602007492,[0.72362644 1.96588602],[-3.30813222  3.39766122]
1.5124524723171462,2.2736946920942156,[1.51245247 2.27369469],[-6.55714546  7.34210574]
0.9145833513049637,1.8791223944044315,[0.91458335 1.87912239],[-3.31055067  3.14771587]
0.6579950965049964,1.28463091669079,[0.6579951  1.28463092],[-1.0555839   0.28121625]
2.8396494832620642,1.4111010789496239,[2.83964948 1.41110108],[-9.0090824  11.60812976]
0.860235779100224,0.5805327379576832,[0.86023578 0.58053274],[-0.17675312 -0.72748932]
0.040192173727721055,1.5053874483171834,[0.04019217 1.50538745],[-1.1767889   1.44445432]
0.06430762797101215,2.768326981144726,[0.06430763 2.76832698],[-6.57459534  9.67027027]
2.063979183297614,0.45287691306798084,[2.06397918 0.45287691],[-3.56020735  3.89650294]
2.9426289082915624,1.22372546733089,[2.94262891 1.22372547],[-9.0565942  11.98042907]
1.088276197349625,1.1154403776796085,[1.0882762  1.11544038],[-1.3304907   0.44967149]
1.2072883821021365,2.2803400404147873,[1.20728838 2.28034004],[-5.65116792  6.33973503]
1.534699466308638,1.19074188521852,[1.53469947 1.19074189],[-2.81556577  2.09545468]
2.597620346885139,0.8899298398027962,[2.59762035 0.88992984],[-6.4857609  8.1041128]
2.949328829451989,0.7331175604563914,[2.94932883 0.73311756],[-8.30872348 11.10711102]
2.7743031987169258,1.0834223255613442,[2.7743032  1.08342233],[-7.77583743 10.0256733 ]
2.8202119840691164,0.2219509864601164,[2.82021198 0.22195099],[-6.97195376  9.92138981]
0.996546002115116,2.1324648080437396,[0.996546   2.13246481],[-4.46476829  4.82299856]
0.499257686585822,1.3896323398778232,[0.49925769 1.38963234],[-1.10816984  0.5828925 ]
0.18650383342201246,2.751378822604989,[0.18650383 2.75137882],[-6.55799337  9.3339729 ]
1.2163607118294337,2.816915637587668,[1.21636071 2.81691564],[-8.31738372 10.76254148]
0.1424817011070189,3.0755748939786094,[0.1424817  3.07557489],[-8.40566233 12.52281074]
0.5657248453950388,0.5900731054752253,[0.56572485 0.59007311],[ 0.42614391 -0.97513416]
2.0123165762708255,2.965054430454137,[2.01231658 2.96505443],[-11.94029866  15.72718954]
0.08632118988343063,2.06936447123126,[0.08632119 2.06936447],[-3.21115473  4.26807   ]
1.7658478844460768,1.7415387251165881,[1.76584788 1.74153873],[-5.0517901   5.28757855]
2.934392085304166,0.7223548684205362,[2.93439209 0.72235487],[-8.20761319 10.95141303]
3.0700969105996463,0.78358749027704,[3.07009691 0.78358749],[-9.10499344 12.37163999]
1.733695514807627,0.8993382323970206,[1.73369551 0.89933823],[-2.79488335  2.36295129]
1.6073651545205947,1.5209309384988499,[1.60736515 1.52093094],[-3.80646234  3.53711513]
0.3543181390300912,2.3678017748922016,[0.35431814 2.36780177],[-4.80416585  6.01981335]
0.6229390338089501,2.292726742201003,[0.62293903 2.29272674],[-4.68972571  5.45796636]
0.862448026813687,0.3340904828910246,[0.86244803 0.33409048],[ 0.23780038 -0.68221092]
0.5398257555436136,0.5527065738353321,[0.53982576 0.55270657],[ 0.50132982 -0.99127185]
0.5486567593578369,0.8536807148588983,[0.54865676 0.85368071],[-0.12575531 -0.74508494]
0.85449781564009,2.553650581510995,[0.85449782 2.55365058],[-6.20743118  7.68629882]
0.5339049302760122,0.23084620302291334,[0.53390493 0.2308462 ],[ 0.75863518 -0.85281338]
2.3167644864333763,2.975933987900317,[2.31676449 2.97593399],[-13.26359634  17.86176462]
1.0269870243373638,0.7862113213515388,[1.02698702 0.78621132],[-0.72437241 -0.28073551]
2.9752849743568617,0.24908039180210734,[2.97528497 0.24908039],[-7.89113104 11.37999271]
1.7244712903613637,1.2778728405101911,[1.72447129 1.27787284],[-3.67792762  3.20883219]
0.1772070289548637,1.8144270221042589,[0.17720703 1.81442702],[-2.32223903  2.6638274 ]
1.6475463861023012,2.259354444294538,[1.64754639 2.25935444],[-6.89832147  7.82438154]
2.0176874472431785,0.893937448464365,[2.01768745 0.89393745],[-3.77768716  3.9171238 ]
0.7853363577914328,1.4498764373712698,[0.78533636 1.44987644],[-1.72775009  0.96736417]
0.5216107764192287,2.5889467490994056,[0.52161078 2.58894675],[-6.07464531  7.72833109]
0.6645926377254238,2.4995970528033498,[0.66459264 2.49959705],[-5.74232109  7.05095822]
1.4487321936564599,1.3745081109254882,[1.44873219 1.37450811],[-2.89681104  2.32971442]
0.4100643517866134,1.6275139398584009,[0.41006435 1.62751394],[-1.88608292  1.55875221]
0.6043766645256511,0.7106828621012309,[0.60437666 0.71068286],[ 0.15731367 -0.88943649]
1.8704178966399014,0.9926009680093485,[1.8704179  0.99260097],[-3.4789514   3.24140185]
2.2014697604978806,2.8881599680387087,[2.20146976 2.88815997],[-12.24231707  16.19661476]
0.5250176327407164,0.8312388811306287,[0.52501763 0.83123888],[-0.05825864 -0.77930984]
2.8204391573293353,2.6776086141451345,[2.82043916 2.67760861],[-14.03297594  19.25283432]
0.7986443460122548,1.156183944451465,[0.79864435 1.15618394],[-1.07155491  0.03953163]
1.0549257503151896,0.507151581602278,[1.05492575 0.50715158],[-0.30688427 -0.38401253]
0.6458955868615438,2.2050596424335587,[0.64589559 2.20505964],[-4.29473702  4.85702781]
0.8789516335531696,2.369848977277238,[0.87895163 2.36984898],[-5.30624018  6.27987908]
0.2906238932297661,1.3580328478533732,[0.29062389 1.35803285],[-1.02604586  0.56011744]
0.7138035479084961,1.8082357549178565,[0.71380355 1.80823575],[-2.68279146  2.5143855 ]
2.96893343036354,1.4742732067507909,[2.96893343 1.47427321],[-9.94190232 13.08968113]
1.2780596977843814,0.7234605763287066,[1.2780597  0.72346058],[-1.19461681  0.31062304]
1.1160246633363984,0.8476470737003597,[1.11602466 0.84764707],[-1.02068535e+00  6.89747382e-04]
0.4413116598145607,0.09645717723241279,[0.44131166 0.09645718],[ 0.70044699 -0.66741774]
3.125041269747193,0.8583659325515842,[3.12504127 0.85836593],[-9.5437601  13.03853562]
0.8553907468837743,2.178411162533068,[0.85539075 2.17841116],[-4.38153143  4.88673323]
0.10115131344314629,2.2154792187927397,[0.10115131 2.21547922],[-3.84406226  5.20389845]
2.929590455510568,0.25711345942553593,[2.92959046 0.25711346],[-7.63167393 10.92380731]
0.8485152268885722,0.37119814936103585,[0.84851523 0.37119815],[ 0.23731502 -0.72389444]
1.6583717940079516,2.8070309097290083,[1.65837179 2.80703091],[-9.69280645 12.32843366]
2.858694548595715,2.260946575882127,[2.85869455 2.26094658],[-12.31250156  16.32874563]
3.0313992136857446,3.0519998990907866,[3.03139921 3.0519999 ],[-17.40423132  24.84137093]
1.796590719937379,0.10370516994598242,[1.79659072 0.10370517],[-2.17811398  2.67639417]
0.7329522282988506,1.7866017414634432,[0.73295223 1.78660174],[-2.62931167  2.41922156]
1.3452577482520542,0.5774579387963987,[1.34525775 0.57745794],[-1.04525604  0.44092079]
1.7800601190685796,1.4115766554535878,[1.78006012 1.41157666],[-4.18767255  3.93905181]
1.1741890205708787,2.8360789184176767,[1.17418902 2.83607892],[-8.32206384 10.8235911 ]
1.7035185622164866,2.877144981689112,[1.70351856 2.87714498],[-10.24430731  13.19855039]
1.959492758425256,0.011752324772899139,[1.95949276 0.01175232],[-2.74021006  3.73700981]
2.097532105280825,1.9341735217910951,[2.09753211 1.93417352],[-7.06093534  8.21792504]
2.566447862668637,0.1955289434655083,[2.56644786 0.19552894],[-5.59020584  7.72581879]
2.0089709084291014,2.4527271782256372,[2.00897091 2.45272718],[-9.05336788 11.18027327]
1.4426452705241704,1.428651444587636,[1.44264527 1.42865144],[-3.02257421  2.50194722]
0.2695604800298633,0.27002376277142964,[0.26956048 0.27002376],[ 0.95441488 -0.78801712]
2.899209010813554,1.5895524983017437,[2.89920901 1.5895525 ],[-9.94903352 12.88665705]
3.011507762280617,0.4173066895959003,[3.01150776 0.41730669],[-8.30242444 11.62901885]
0.5684347660456912,1.1796467467498655,[0.56843477 1.17964675],[-0.65263452 -0.06679396]
0.5860219690853287,3.055588812405895,[0.58602197 3.05558881],[-8.77944237 12.07686791]
1.058715325512585,0.39322883769805483,[1.05871533 0.39322884],[-0.19258705 -0.35287421]
1.1797308847185728,1.2936796653754277,[1.17973088 1.29367967],[-1.99129576  1.18392297]
0.023546807080955506,2.7426810363849388,[0.02354681 2.74268104],[-6.42379565  9.51325175]
2.4951952578564334,2.9949038838809163,[2.49519526 2.99490388],[-14.18362848  19.41069901]
0.19773534286313896,1.548713214667129,[0.19773534 1.54871321],[-1.48210036  1.38232666]
2.5668071331689095,0.218766063385632,[2.56680713 0.21876606],[-5.61547019  7.70156851]
3.1228359637769088,2.9082432547114596,[3.12283596 2.90824325],[-17.12574241  24.35780813]
1.2517119947874107,1.9525625705233884,[1.25171199 1.95256257],[-4.47470633  4.35001789]
1.4470066550361855,2.782563363920754,[1.44700666 2.78256336],[-8.81845242 11.21383423]
3.088777542497475,1.429214580245733,[3.08877754 1.42921458],[-10.50364182  14.1304178 ]
0.3385332900313066,1.0658889137297947,[0.33853329 1.06588891],[-0.23006424 -0.30739648]
0.02305321310351983,2.0834542761679247,[0.02305321 2.08345428],[-3.24287609  4.46961136]
2.000007148104837,0.734532586294268,[2.00000715 0.73453259],[-3.46005719  3.61005396]
1.6401118349546349,0.3225392028175558,[1.64011183 0.3225392 ],[-1.89393807  1.66269466]
0.6193860873259192,0.3262571785238866,[0.61938609 0.32625718],[ 0.51960046 -0.91112079]
2.8651743694160996,1.840462099723201,[2.86517437 1.8404621 ],[-10.69237634  13.78177688]
1.813086115571716,2.915029818349516,[1.81308612 2.91502982],[-10.8713625   14.11312834]
1.0827330980298613,1.0573374322325455,[1.0827331  1.05733743],[-1.19207032  0.30040575]
2.591818123926553,1.9273538146830045,[2.59181812 1.92735381],[-9.50146651 11.82608395]
1.3204537407892016,2.5190761648403925,[1.32045374 2.51907616],[-7.076469   8.4996258]
2.5567934687525984,1.3763307477717148,[2.55679347 1.37633075],[-7.43618935  8.99670991]
1.2249925562056632,0.6530497184473404,[1.22499256 0.65304972],[-0.92532995  0.09807685]
1.311683830273926,0.917476167634994,[1.31168383 0.91747617],[-1.65651622  0.66623398]
0.813523414959322,2.5857507894372285,[0.81352341 2.58575079],[-6.3315396   7.89730657]
1.488203066256809,2.6715994813842645,[1.48820307 2.67159948],[-8.37961644 10.38477922]
1.2044637034650385,1.2734018695088472,[1.2044637  1.27340187],[-1.98202539  1.18883912]
1.386816479204566,2.8745866653395233,[1.38681648 2.87458667],[-9.12504214 11.8502106 ]
2.6460487877811207,0.069288977172844,[2.64604879 0.06928898],[-5.91502054  8.58207477]
2.1741470141726915,0.27967747299791385,[2.17414701 0.27967747],[-3.85097232  4.70262048]
2.527975791983802,0.32824013451059114,[2.52797579 0.32824013],[-5.54591819  7.28437453]
1.889006639908384,0.687388110119691,[1.88900664 0.68738811],[-2.96431818  2.9289075 ]
0.7555109947868712,1.6024980278448582,[0.75551099 1.60249803],[-2.06670631  1.56157554]
1.9427115439313465,0.4318445144829014,[1.94271154 0.43184451],[-3.05427296  3.17212354]
1.6889155085462404,2.916778238004186,[1.68891551 2.91677824],[-10.4117697   13.50867428]
0.3165530551804325,2.4126176861395248,[0.31655306 2.41261769],[-4.97032231  6.38351839]
0.5445754762940818,2.920064993991948,[0.54457548 2.92006499],[-7.92151261 10.7174031 ]
2.219492924814014,0.8423277722468493,[2.21949292 0.84232777],[-4.54694856  5.14768844]
0.5012427237724496,2.955559267081404,[0.50124272 2.95555927],[-8.07645903 11.05954572]
0.5810694251166421,2.415321951736506,[0.58106943 2.41532195],[-5.25187878  6.35006086]
1.2630831064047974,1.413227772262468,[1.26308311 1.41322777],[-2.53017109  1.83256158]
1.758380251775515,2.5943338280052846,[1.75838025 2.59433383],[-8.92191098 10.93951008]
0.5002930126730066,0.6516629959596864,[0.50029301 0.651663  ],[ 0.27538304 -0.9539965 ]
0.5581416623089355,1.7766013904095055,[0.55814166 1.77660139],[-2.45210107  2.26618313]
2.171366506613586,1.4563482689621,[2.17136651 1.45634827],[-5.93574381  6.41613602]
0.16605795190611153,0.22789124133163186,[0.16605795 0.22789124],[ 0.84091801 -0.62887906]
1.336882325993072,1.4923894871228633,[1.33688233 1.49238949],[-2.95065276  2.37041784]
1.300511414307057,1.0427340116787855,[1.30051141 1.04273401],[-1.79675274  0.87075746]
2.3390120861082595,0.8574079798403933,[2.33901209 0.85740798],[-5.127216    6.01941183]
2.359246701861016,0.36472777315162824,[2.3592467  0.36472777],[-4.77635484  5.95019375]
3.0165553127009903,0.70234333922762,[3.01655531 0.70234334],[-8.67974978 11.74798694]
0.2691796946146373,1.901858663711735,[0.26917969 1.90185866],[-2.75231179  3.03697145]
1.158406132159499,1.1854946745162847,[1.15840613 1.18549467],[-1.64900701  0.80680317]
0.9555238551739539,0.9818495645721333,[0.95552386 0.98184956],[-0.77940826 -0.12063803]
2.7838753809660934,1.4922602443955548,[2.78387538 1.49226024],[-8.97870034 11.4013343 ]
0.5176380144448722,0.6560268946900196,[0.51763801 0.65602689],[ 0.27144807 -0.95068902]
2.0588706444032625,1.779109816523673,[2.05887064 1.77910982],[-6.36463377  7.13239922]
1.1472804114212989,0.11364193927696921,[1.14728041 0.11364194],[-0.33005721  0.13648896]
2.9485366731128817,2.5199467487717637,[2.94853667 2.51994675],[-14.01260407  19.15103341]
1.6117146655628283,0.05249209121155815,[1.61171467 0.05249209],[-1.51364348  1.87234565]
2.4407629374259474,1.3017818438670798,[2.44076294 1.30178184],[-6.65051453  7.81882981]
0.9418766564727543,2.6440257693851352,[0.94187666 2.64402577],[-6.80889376  8.58420296]
2.6856407082274814,2.4502343805416733,[2.68564071 2.45023438],[-12.14198798  16.16087889]
2.880040667647138,0.02932043637632269,[2.88004067 0.02932044],[-7.19681755 10.77226566]
1.7174631609174489,3.0350971884964,[1.71746316 3.03509719],[-11.19906184  14.81786861]
0.9811981597647962,1.2889084870978156,[0.98119816 1.28890849],[-1.6792421   0.70785654]
2.5171170216401793,2.7079029514481707,[2.51711702 2.70790295],[-12.58518808  16.88719304]
2.426428712962372,2.674624034465227,[2.42642871 2.67462403],[-11.96992958  15.88023455]
1.8021246126599804,0.0889836747261544,[1.80212461 0.08898367],[-2.18514353  2.72892585]
2.962928334045034,2.136508661580882,[2.96292833 2.13650866],[-12.42775148  16.48835316]
1.103708459166714,1.5508030464626303,[1.10370846 1.55080305],[-2.71223767  1.93730189]
2.578668658293602,0.44959841988716337,[2.57866866 0.44959842],[-5.94454805  7.64680742]
2.781616993797387,0.6738148509654885,[2.78161699 0.67381485],[-7.27035891  9.47197542]
0.5757156048371552,1.350737363568924,[0.5757156  1.35073736],[-1.05727051  0.45897383]
2.1381854752561287,1.9793549028378206,[2.13818548 1.9793549 ],[-7.40811425  8.74428516]
1.7511736654177115,1.2296017732101787,[1.75117367 1.22960177],[-3.67176267  3.19550858]
1.6139693833903153,0.5587870583222219,[1.61396938 0.55878706],[-1.85899981  1.48876741]
1.030174959980014,2.2964948460931747,[1.03017496 2.29649485],[-5.24570644  6.01695844]
2.38698167889614,1.2542811239634055,[2.38698168 1.25428112],[-6.2596299   7.25927974]
0.08249344149527049,0.4856894846905618,[0.08249344 0.48568948],[ 0.66724333 -0.65096697]
2.3261682243093125,0.16902653067558426,[2.32616822 0.16902653],[-4.39974684  5.88886764]
1.8028119062831895,0.17072587502064587,[1.80281191 0.17072588],[-2.27327119  2.61148063]
1.5672450873976704,0.4108868709367964,[1.56724509 0.41088687],[-1.68236984  1.29390645]
2.819309035877509,0.7618805108518117,[2.81930904 0.76188051],[-7.57598129  9.89555161]
2.1087609886714613,0.6282909544670627,[2.10876099 0.62829095],[-3.84954304  4.20914098]
1.5102978113294439,1.983219837073756,[1.51029781 1.98321984],[-5.26913478  5.44128551]
0.21851875147289174,0.7427693721193149,[0.21851875 0.74276937],[ 0.38714042 -0.72366268]
1.1904226872174173,1.953365108666021,[1.19042269 1.95336511],[-4.31126711  4.17790725]
2.471973154498944,0.48377250424399587,[2.47197315 0.4837725 ],[-5.44456499  6.77788291]
0.5397836147188476,2.784821973922326,[0.53978361 2.78482197],[-7.14629347  9.44398838]
2.4900220275573086,2.9186057401812526,[2.49002203 2.91860574],[-13.68838376  18.61968279]
1.6426592220226153,0.6444734887950494,[1.64265922 0.64447349],[-2.0181737   1.65308537]
1.112289255711417,1.5752407086144453,[1.11228926 1.57524071],[-2.81019351  2.06208143]
0.4651067550363289,2.150875429938847,[0.46510676 2.15087543],[-3.93907781  4.45321445]
0.534596921192979,0.15465475839662635,[0.53459692 0.15465476],[ 0.66976321 -0.75907943]
0.30798005823798763,1.666357192728655,[0.30798006 1.66635719],[-1.96924346  1.79452152]
2.116804513888927,0.09795313971717631,[2.11680451 0.09795314],[-3.41659968  4.55139703]
2.8077328181794523,0.43173891428139083,[2.80773282 0.43173891],[-7.14621871  9.66058067]
0.623713570278221,0.3208583875945719,[0.62371357 0.32085839],[ 0.53296107 -0.90520647]
3.138609304632582,3.0789840094101963,[3.1386093  3.07898401],[-18.23218565  26.22683517]
2.604365082819888,0.9738461399234303,[2.60436508 0.97384614],[-6.64625645  8.30576513]
0.235378302989167,1.5146246633194833,[0.2353783  1.51462466],[-1.42756999  1.1989757 ]
0.3986596331412864,1.6691349240142914,[0.39865963 1.66913492],[-2.02692835  1.75429268]
2.904278979241984,0.9702681082025154,[2.90427898 0.97026811],[-8.33308429 11.00341901]
2.434079092314285,2.752723787284546,[2.43407909 2.75272379],[-12.44666879  16.63085279]
2.7002802294310118,1.0560014579575414,[2.70028023 1.05600146],[-7.3116855   9.30074142]
1.160994452544649,1.4240861136349128,[1.16099445 1.42408611],[-2.38112562  1.58169762]
0.9743992129761552,2.1626285685233073,[0.97439921 2.16262857],[-4.53818096  4.97877674]
2.5790658944166895,0.5865309391845068,[2.57906589 0.58653094],[-6.08623275  7.66000519]
2.5447718559072965,2.7232915727046687,[2.54477186 2.72329157],[-12.80651226  17.24823472]
0.7647962756025701,2.738749346098582,[0.76479628 2.73874935],[-7.12045568  9.1642314 ]
1.766903304247376,1.7099856256795933,[1.7669033  1.70998563],[-4.94940818  5.13821839]
0.3567842489717227,0.4760428915750676,[0.35678425 0.47604289],[ 0.5812931  -0.95783061]
1.8124937881961964,2.6590882476689934,[1.81249379 2.65908825],[-9.45479402 11.76860401]
0.5600158222287477,1.8002246750360258,[0.56001582 1.80022468],[-2.54314293  2.38837221]
1.6061307057819665,1.074688043359644,[1.60613071 1.07468804],[-2.83460486  2.10758297]
0.6360715383190743,1.154613215615685,[0.63607154 1.15461322],[-0.75783148 -0.10593215]
1.5141321155805338,1.7325727284245553,[1.51413212 1.73257273],[-4.24681979  4.09539896]
1.3350194864026204,0.8879074665495248,[1.33501949 0.88790747],[-1.67059816  0.69545949]
0.5780314819958421,1.9127406305943264,[0.57803148 1.91274063],[-2.99437669  3.00385   ]
2.671144631142255,1.5424956860217904,[2.67114463 1.54249569],[-8.56442699 10.60133253]
0.9606629192722437,1.289991525277741,[0.96066292 1.28999153],[-1.65540134  0.67259387]
0.13147046738686652,2.901961923575662,[0.13147047 2.90196192],[-7.36377569 10.8104702 ]
2.878215302769709,0.06534315597800168,[2.8782153  0.06534316],[-7.19491588 10.6896692 ]
1.4766734897071239,1.8092670149890782,[1.47667349 1.80926701],[-4.45832852  4.33614244]
2.7778618121242156,2.257915191005194,[2.77786181 2.25791519],[-11.822228    15.55784051]
1.1333868781616738,1.6352851512664142,[1.13338688 1.63528515],[-3.05503857  2.38010262]
1.8037736089428595,1.3663398811558976,[1.80377361 1.36633988],[-4.1788425   3.90074083]
2.7945947514190888,1.1726812044964798,[2.79459475 1.1726812 ],[-8.08521292 10.43533015]
0.060888807416340826,2.2708693642446405,[0.06088881 2.27086936],[-4.06961295  5.65759389]
2.7563215274355635,2.210578738714162,[2.75632153 2.21057874],[-11.50188883  15.03413291]
0.045262551810035884,2.5025188896002506,[0.04526255 2.50251889],[-5.16880674  7.4337361 ]
0.9836237876477477,1.672938526271835,[0.98362379 1.67293853],[-2.82678564  2.21935351]
0.38957267273604956,0.6537273387097526,[0.38957267 0.65372734],[ 0.35309808 -0.92834742]
1.6081471018949023,0.9069774469964181,[1.6081471  0.90697745],[-2.44419126  1.78724128]
2.806008631824595,0.10125777636013414,[2.80600863 0.10125778],[-6.80013418  9.95334234]
2.545873546126163,1.2172689614531969,[2.54587355 1.21726896],[-6.89743211  8.40014666]
0.7982030504404328,1.9209631546150518,[0.79820305 1.92096315],[-3.22724351  3.21612269]
0.5220197472709645,2.2496981364501076,[0.52201975 2.24969814],[-4.42109176  5.12385688]
2.460522967151517,3.0621729141710103,[2.46052297 3.06217291],[-14.44754272  19.81676069]
1.4307644469437226,0.35524963939594345,[1.43076445 0.35524964],[-1.24629709  0.77455025]
2.672481369735143,0.016633768293948244,[2.67248137 0.01663377],[-6.04292879  8.90663643]
1.8063047754995112,2.9911508174151087,[1.80630478 2.99115082],[-11.2840731   14.82452912]
1.053162627041162,2.007712221729822,[1.05316263 2.00771222],[-4.12765516  4.15837007]
2.0399569267723257,0.10701946631484874,[2.03995693 0.10701947],[-3.10602825  4.05180207]
0.46174624291234556,1.5283025970545516,[0.46174624 1.5283026 ],[-1.55070141  1.11773916]
1.763741622880729,1.4517897251167486,[1.76374162 1.45178973],[-4.21613683  4.00589314]
0.7834349911828802,0.011375844850930874,[0.78343499 0.01137584],[ 0.48341389 -0.36182208]
2.234025705598699,1.4752138904446843,[2.23402571 1.47521389],[-6.26674837  6.91577456]
0.8771408686440468,1.4737899006141542,[0.87714087 1.4737899 ],[-2.00854104  1.18100401]
2.2636399596355465,3.042921151156416,[2.26363996 3.04292115],[-13.45248403  18.15374778]
0.576808880379491,0.4044773376519665,[0.57680888 0.40447734],[ 0.41010233 -0.96995163]
0.5908604271660984,1.4903696851552932,[0.59086043 1.49036969],[-1.47328177  0.97817546]
2.5678614739668006,2.2470533600950535,[2.56786147 2.24705336],[-10.59466498  13.65649304]
1.2280389889365406,2.6671131208432377,[1.22803899 2.66711312],[-7.54023149  9.4528401 ]
1.3568705766660711,2.3718749707336606,[1.35687058 2.37187497],[-6.51128796  7.47628618]
0.786414776911928,2.739117362306798,[0.78641478 2.73911736],[-7.1448879   9.19135997]
1.7716634052691802,0.3334456188959798,[1.77166341 0.33344562],[-2.34861829  2.28973636]
1.953873503436893,0.2432820425060983,[1.9538735  0.24328204],[-2.91677934  3.35930455]
1.086059966664454,2.302264200767843,[1.08605997 2.3022642 ],[-5.40810823  6.18324507]
2.41279273084406,3.0779989722316716,[2.41279273 3.07799897],[-14.33070475  19.60970946]
3.0086703616881003,2.359793454974399,[3.00867036 2.35979345],[-13.65536525  18.50451736]
2.2972935802187,1.6440443619006642,[2.29729358 1.64404436],[-7.06753804  8.07820343]
2.2532353986380937,2.461474257761966,[2.2532354  2.46147426],[-10.05984373  12.84243125]
1.4076935195917337,2.825951963807205,[1.40769352 2.82595196],[-8.92324977 11.46792013]
1.531324123814655,0.22956093601093625,[1.53132412 0.22956094],[-1.47008299  1.27353347]
1.3931950793282275,1.688757921652271,[1.39319508 1.68875792],[-3.78879139  3.42188569]
3.096725110735482,2.649065283032731,[3.09672511 2.64906528],[-15.57515806  21.72292578]
0.653194860035108,0.8926153070777862,[0.65319486 0.89261531],[-0.30099436 -0.64476911]
2.307601821204943,0.2905545899192327,[2.30760182 0.29055459],[-4.45143026  5.62258345]
3.0967318936182964,0.34092354387148943,[3.09673189 0.34092354],[-8.7242344  12.53664369]
0.23382819648331687,0.6459648958639881,[0.2338282 0.6459649],[ 0.60282215 -0.81569364]
2.9457735285829076,0.44330255016942816,[2.94577353 0.44330255],[-7.94715015 10.97004551]
1.7258207888679107,1.3358040521598613,[1.72582079 1.33580405],[-3.80691126  3.40241004]
1.101388837020425,0.2522459193404919,[1.10138884 0.25224592],[-0.36626011 -0.15389876]
2.670451214624697,0.9900714552477075,[2.67045121 0.99007146],[-7.0291616   8.90205701]
2.5825400340955604,1.4713740165502245,[2.58254003 1.47137402],[-7.87632001  9.56108095]
2.9886140117883584,0.17060621639882537,[2.98861401 0.17060622],[-7.89973339 11.60339993]
1.443781784041141,1.4557827196202382,[1.44378178 1.45578272],[-3.10402835  2.60848933]
0.9928376141618028,2.2271265441289305,[0.99283761 2.22712654],[-4.85477369  5.45171003]
0.17347136933354412,2.692400350539109,[0.17347137 2.69240035],[-6.22758355  8.82648049]
0.1209234448434253,0.8731216719681463,[0.12092344 0.87312167],[ 0.16403072 -0.43416237]
0.7292509537576778,1.2526785755659344,[0.72925095 1.25267858],[-1.15590621  0.23816208]
2.826200702907969,1.156682260729762,[2.8262007  1.15668226],[-8.22555278 10.6848826 ]
2.1154967091848143,2.379181470201815,[2.11549671 2.37918147],[-9.07665684 11.28230523]
2.482139306421008,0.18865564667485885,[2.48213931 0.18865565],[-5.16165571  7.05162307]
0.021678707616506875,2.236588799405383,[0.02167871 2.2365888 ],[-3.90399949  5.48906383]
2.3398443204426425,2.848545205765676,[2.33984432 2.84854521],[-12.58837542  16.80138341]
2.930797690766782,1.5208931316310261,[2.93079769 1.52089313],[-9.8833052 12.9020004]
2.3803829816070925,1.6059354579771397,[2.38038298 1.60593546],[-7.34499693  8.51786679]
1.55018317648401,0.09881408926285254,[1.55018318 0.09881409],[-1.36036927  1.52766968]
1.7087421584850901,2.0102383247470295,[1.70874216 2.01023832],[-5.93355755  6.48375481]
0.9410188512830789,0.6542613810093625,[0.94101885 0.65426138],[-0.40922776 -0.5634116 ]
2.3248772961613473,2.7660821342553494,[2.3248773  2.76608213],[-12.03761248  15.93061077]
2.5679768819062785,1.217439632430616,[2.56797688 1.21743963],[-7.00699676  8.58249602]
0.0856027632371982,1.533015727834403,[0.08560276 1.53301573],[-1.29471866  1.47769313]
0.9651203557544223,2.212891940237047,[0.96512036 2.21289194],[-4.7327275   5.30067149]
2.0850164657423607,2.1813069276417956,[2.08501647 2.18130693],[-8.01184118  9.67814036]
1.4633197813915928,0.2298670091648166,[1.46331978 0.22986701],[-1.27383728  1.00191367]
0.8057611562562703,0.18645555342767323,[0.80576116 0.18645555],[ 0.22807279 -0.61639999]
2.507621522350545,0.40220436374954366,[2.50762152 0.40220436],[-5.53263768  7.08021633]
1.7762158495014393,1.0782050394780254,[1.77621585 1.07820504],[-3.39422997  2.92609592]
0.6727593069630327,1.5166175663081083,[0.67275931 1.51661757],[-1.6605118   1.12671411]
0.033698916356833246,1.5093072088148825,[0.03369892 1.50930721],[-1.18545519  1.47227548]
1.0269984484746486,0.1235346681152289,[1.02699845 0.12353467],[-0.10376816 -0.16109298]
1.733866478538041,1.190099135008631,[1.73386648 1.19009914],[-3.52064165  2.99732661]
2.6310202867450445,0.3545543230529203,[2.63102029 0.35455432],[-6.102145    8.12480381]
2.033115808495244,0.6749358729262857,[2.03311581 0.67493587],[-3.54868811  3.76209328]
0.09335071344350175,2.618048555443886,[0.09335071 2.61804856],[-5.77871675  8.30298665]
1.9836391270622964,2.6057967833861806,[1.98363913 2.60579678],[-9.78022678 12.2711303 ]
0.3775286439461205,0.5482740983104789,[0.37752864 0.5482741 ],[ 0.45935507 -0.96534076]
2.376013196889137,0.3690482767676153,[2.3760132  0.36904828],[-4.85963516  6.07314774]
0.47980428153573684,1.178567736529622,[0.47980428 1.17856774],[-0.51970689 -0.07827592]
0.6747882781276996,3.013948682506647,[0.67478828 3.01394868],[-8.63199908 11.70097784]
3.0288997014519756,2.1383228511928403,[3.0288997  2.13832285],[-12.83833809  17.15887093]
0.8394387653243223,0.23783010795900186,[0.83943877 0.23783011],[ 0.20970268 -0.63209654]
3.083286903073146,2.30082931181403,[3.0832869  2.30082931],[-13.86777465  18.83271487]
1.2255697218874424,0.5056013732400162,[1.22556972 0.50560137],[-0.65767992  0.05296559]
1.9467772879831093,0.5889877946232984,[1.94677729 0.58898779],[-3.13802323  3.2021667 ]
3.0559407948495143,1.9830374756941407,[3.05594079 1.98303748],[-12.36890909  16.464467  ]
2.515270560939053,1.3229056925389229,[2.51527056 1.32290569],[-7.06599355  8.47697843]
0.9927643554899279,2.986250122605963,[0.99276436 2.98625012],[-8.86223689 11.84851276]
2.4446554911032266,0.005458248248887355,[2.44465549 0.00545825],[-4.87643406  7.05251305]
1.288042696539972,2.237563435758399,[1.2880427  2.23756344],[-5.71396051  6.28027597]
2.992075400848642,0.8600048399252619,[2.9920754  0.86000484],[-8.71533613 11.68008658]
1.1372706230145013,1.344159952929456,[1.13727062 1.34415995],[-2.07639241  1.23743975]
1.741320107452261,0.4092096500179263,[1.74132011 0.40920965],[-2.28482778  2.09823699]
1.7247909865098183,2.4800591874057214,[1.72479099 2.48005919],[-8.22118947  9.84149469]
2.477370134568339,1.4895166501145045,[2.47737013 1.48951665],[-7.42827308  8.7782717 ]
0.73157519735774,1.8588549326950223,[0.7315752  1.85885493],[-2.89455183  2.8002276 ]
1.6269731220314476,2.3531276072954803,[1.62697312 2.35312761],[-7.2810373   8.40830069]
0.2608041740833631,2.360101713104393,[0.26080417 2.36010171],[-4.6569992   6.03438605]
2.8472887528361523,2.149314798562257,[2.84728875 2.1493148 ],[-11.78711555  15.46000759]
1.7320293941470117,0.10518308931832515,[1.73202939 0.10518309],[-1.9544973   2.34755364]
0.750204848674325,1.7642018182586834,[0.75020485 1.76420182],[-2.57633772  2.32161741]
0.8454181870493954,1.0533027140886113,[0.84541819 1.05330271],[-0.84149476 -0.14908477]
1.4032615590667294,2.6452832614890487,[1.40326156 2.64528326],[-7.96163976  9.83624343]
1.1176949042893105,0.7805611663812688,[1.1176949  0.78056117],[-0.95314492 -0.07947687]
0.7294276967456262,0.736069153632923,[0.7294277  0.73606915],[ 0.02587467 -0.78326857]
1.8029115105919757,1.4370092869801225,[1.80291151 1.43700929],[-4.33814199  4.15112962]
2.767701639322416,0.6126379841611665,[2.76770164 0.61263798],[-7.12964407  9.31031608]
1.723943740680929,1.166069551812004,[1.72394374 1.16606955],[-3.43129047  2.88337386]
2.0629418674774023,0.8823444455772537,[2.06294187 0.88234445],[-3.93593901  4.17794911]
1.017621080863381,1.404894016465189,[1.01762108 1.40489402],[-2.09151697  1.17352953]
0.40122171335365475,1.8211398263104495,[0.40122171 1.82113983],[-2.5721981   2.51033518]
1.1179435911349112,2.7254534011648093,[1.11794359 2.7254534 ],[-7.57804576  9.66899425]
0.01181709626655869,0.8784357241516223,[0.0118171  0.87843572],[ 0.32590385 -0.23692771]
2.4868492942322287,2.3960408266636546,[2.48684929 2.39604083],[-10.82982447  14.08508187]
1.3437385470703256,0.9311263365755108,[1.34373855 0.93112634],[-1.76898679  0.79552931]
1.2198687566176802,0.04343498222006921,[1.21986876 0.04343498],[-0.40574715  0.45332528]
2.537438668922282,2.8568975092159463,[2.53743867 2.85689751],[-13.54200031  18.4122444 ]
0.35368785549145415,2.7956761651392754,[0.35368786 2.79567617],[-6.98373895  9.5830726 ]
0.4562395593368305,0.3668914353970188,[0.45623956 0.36689144],[ 0.64138556 -0.96073427]
0.10137043222775902,2.9789326789881776,[0.10137043 2.97893268],[-7.79876458 11.60802552]
2.128342094840338,0.566543132021989,[2.12834209 0.56654313],[-3.90306914  4.31185193]
1.1044747854574497,0.6678292230545173,[1.10447479 0.66782922],[-0.74081759 -0.21288717]
2.849725953323637,2.5980784907956447,[2.84972595 2.59807849],[-13.79700559  18.84629082]
2.4292461461452537,1.4997516254477448,[2.42924615 1.49975163],[-7.23439794  8.44298801]
1.4429924234291542,0.36694347641942343,[1.44299242 0.36694348],[-1.28342305  0.8138775 ]
0.7073958100309685,2.193768004944623,[0.70739581 2.193768  ],[-4.28553621  4.82372615]
0.252040107465563,1.0228516411215078,[0.25204011 1.02285164],[-0.18466936 -0.33028411]
1.2303557240268308,1.2997518910788626,[1.23035572 1.29975189],[-2.11260144  1.34604514]
3.06075482668188,0.8801036671454338,[3.06075483 0.88010367],[-9.16584679 12.40388816]
2.070664035560602,2.457895074499566,[2.07066404 2.45789507],[-9.30844532 11.60067727]
2.34280516164651,0.9873589292724663,[2.34280516 0.98735893],[-5.36409819  6.26689918]
2.987033138295261,1.3929833917900978,[2.98703314 1.39298339],[-9.78619551 12.96550634]
2.2274733543320004,1.9420488408150174,[2.22747335 1.94204884],[-7.68725983  9.1273381 ]
2.976262737979706,0.30774318714491017,[2.97626274 0.30774319],[-7.96061118 11.33767966]
2.6234272809988948,0.6072507787665599,[2.62342728 0.60725078],[-6.33898449  8.04089229]
0.33055485477081065,1.7241473418505557,[0.33055485 1.72414734],[-2.18133696  2.05449674]
0.22408073759762376,2.194107983051689,[0.22408074 2.19410798],[-3.87008005  4.8922666 ]
1.6987064195607553,1.7504363196943513,[1.69870642 1.75043632],[-4.85249579  5.00097614]
3.072234634994141,2.9487157944743903,[3.07223463 2.94871579],[-17.0388878   24.22520012]
0.6900928116149934,0.918314907396872,[0.69009281 0.91831491],[-0.38275426 -0.57775472]
0.6530578773080828,2.548920566224399,[0.65305788 2.54892057],[-5.98785336  7.4430044 ]
2.638735866240923,1.0864046692760185,[2.63873587 1.08640467],[-7.04326044  8.83612308]
1.9727389402048543,0.21957816384501416,[1.97273894 0.21957816],[-2.96005508  3.49519278]
2.413643476734053,1.0632771264301069,[2.41364348 1.06327713],[-5.8625032   6.95862495]
1.9506035458676036,0.3718114706951912,[1.95060355 0.37181147],[-3.0422808   3.24136589]
0.7800264581766446,2.5259640646211725,[0.78002646 2.52596406],[-5.98096123  7.36589042]
2.8856425380916826,1.7340915393884493,[2.88564254 1.73409154],[-10.40600326  13.42854449]
0.42219855937261475,0.6853065303135546,[0.42219856 0.68530653],[ 0.2690269  -0.91921685]
0.5608404679971039,0.7846231817337703,[0.56084047 0.78462318],[-0.01771474 -0.83057616]
0.5022644147159413,2.222698117226109,[0.50226441 2.22269812],[-4.28419965  4.93538786]
2.6192775164224584,1.107995393805111,[2.61927752 1.10799539],[-6.98898565  8.72199118]
0.2585621472952162,2.038278613097785,[0.25856215 2.03827861],[-3.26475694  3.84918666]
1.60016456561554,3.0216735563680337,[1.60016457 3.02167356],[-10.68487043  14.13839919]
2.178739309130012,0.8340944770693528,[2.17873931 0.83409448],[-4.35185815  4.85956958]
0.8683796964233456,1.9954104460787192,[0.8683797  1.99541045],[-3.63976069  3.74391201]
0.8923282206288847,0.9683656049175055,[0.89232822 0.9683656 ],[-0.65458415 -0.25342445]
1.6940309762070265,2.8846816434440172,[1.69403098 2.88468164],[-10.25100043  13.22483303]
2.32944001877113,0.20514177782899437,[2.32944002 0.20514178],[-4.45191079  5.86758431]
2.339151899963262,1.69633544897738,[2.3391519  1.69633545],[-7.43091066  8.62739644]
1.6611124225205034,2.7386103031251907,[1.66111242 2.7386103 ],[-9.33568811 11.71911629]
0.892058148287805,1.2127174268791376,[0.89205815 1.21271743],[-1.34145899  0.32335144]
0.662098963119565,3.1378454094826624,[0.66209896 3.13784541],[-9.38273013 12.96900896]
0.44507049448498887,1.9656012493049215,[0.44507049 1.96560125],[-3.15293572  3.30200855]
2.468672607858629,3.0298940420562275,[2.46867261 3.02989404],[-14.28026309  19.5520714 ]
0.23911174038427413,2.8683434670675796,[0.23911174 2.86834347],[-7.26079101 10.35422692]
0.3856154263174754,0.5547320510673137,[0.38561543 0.55473205],[ 0.44787866 -0.96784114]
1.1725342637217326,2.1915660974566196,[1.17253426 2.1915661 ],[-5.17843314  5.6273964 ]
0.6823875070872619,1.0131173540069,[0.68238751 1.01311735],[-0.59188375 -0.40689076]
3.0905683170207148,1.595290887755932,[3.09056832 1.59529089],[-11.07378205  14.82141267]
1.1075804941429215,0.26924717849687163,[1.10758049 0.26924718],[-0.377367   -0.15519816]
1.980291533225612,0.967731035850624,[1.98029153 0.96773104],[-3.8031588   3.82007069]
0.49512004645781493,0.06195312510422452,[0.49512005 0.06195313],[ 0.71016048 -0.61618224]
1.191512730711069,1.8249016274386207,[1.19151273 1.82490163],[-3.84852723  3.46710836]
1.3653903785929578,1.1258877848152333,[1.36539038 1.12588778],[-2.12818245  1.28127205]
0.25234117611154283,0.7002991277262274,[0.25234118 0.70029913],[ 0.51910299 -0.79709073]
1.6222790592006282,0.3581916670053404,[1.62227906 0.35819167],[-1.85452019  1.55923978]
1.5659027316558043,0.2860801576660728,[1.56590273 0.28608016],[-1.63077499  1.36382066]
0.45148670111556144,1.9745068763797147,[0.4514867  1.97450688],[-3.19233928  3.35304814]
2.8616751546032386,2.6205944956155887,[2.86167515 2.6205945 ],[-13.98041869  19.1488611 ]
2.984917780573044,2.2162423345414104,[2.98491778 2.21624233],[-12.89156702  17.24060825]
0.31673703188181046,0.22805172247284142,[0.31673703 0.22805172],[ 0.7629247  -0.78491764]
1.6286370162930985,0.48560776101985353,[1.62863702 0.48560776],[-1.89586439  1.5480573 ]
2.3123692620758254,1.4764208311673552,[2.31236926 1.47642083],[-6.62137873  7.47615996]
1.5162201989684811,2.0753776496507954,[1.5162202  2.07537765],[-5.68446892  6.02903646]
0.7870109215240547,0.03601596988760708,[0.78701092 0.03601597],[ 0.45372081 -0.4046871 ]
1.682375851233162,0.028480108288997746,[1.68237585 0.02848011],[-1.73484471  2.24068732]
1.08479484455316,2.2190542410317717,[1.08479484 2.21905424],[-5.04626987  5.59426499]
0.08940836971260539,2.5713420879118045,[0.08940837 2.57134209],[-5.53486267  7.91808706]
0.7372365582193353,1.2459693674089005,[0.73723656 1.24596937],[-1.15997231  0.22550296]
1.1867162749325368,1.741667574890035,[1.18671627 1.74166757],[-3.54065198  3.02663522]
0.22717132032379084,2.9823155472348954,[0.22717132 2.98231555],[-7.91111188 11.47265193]
2.570491765657407,2.7064351624341145,[2.57049177 2.70643516],[-12.84059097  17.31058456]
0.12216858378866881,1.9127320928427685,[0.12216858 1.91273209],[-2.62117981  3.27713709]
0.6624324090482856,1.5712550027119823,[0.66243241 1.571255  ],[-1.80816393  1.34794314]
1.8607831701456201,0.13729657988501912,[1.86078317 0.13729658],[-2.44312522  2.96656921]
2.0548305996310114,0.4343653597742107,[2.0548306  0.43436536],[-3.50917332  3.8436122 ]
1.9445816290738323,0.056675364236896925,[1.94458163 0.05667536],[-2.69528119  3.56670563]
2.9594954085658305,2.1551841785372736,[2.95949541 2.15518418],[-12.48328514  16.57750466]
2.5045463644413006,1.7077528278007947,[2.50454636 1.70775283],[-8.28804343  9.95374604]
0.1038817769908792,0.7320975594392877,[0.10388178 0.73209756],[ 0.39001432 -0.57844215]
1.7799408360649205,1.684790735311969,[1.77994084 1.68479074],[-4.91620378  5.08395526]
1.1855206359222288,1.6983393545831889,[1.18552064 1.69833935],[-3.38455376  2.8119115 ]
0.7470679811209119,1.806917489046369,[0.74706798 1.80691749],[-2.72306684  2.53815182]
0.0811214262276998,2.3907083319010423,[0.08112143 2.39070833],[-4.63643544  6.50047451]
0.7790260711826391,2.634438257122783,[0.77902607 2.63443826],[-6.55833779  8.26736444]
0.41420917540938723,2.3278132763317525,[0.41420918 2.32781328],[-4.68507908  5.69652288]
0.3105702503154477,0.40707374615399267,[0.31057025 0.40707375],[ 0.68404774 -0.91096216]
2.3176865386120116,3.0982725652362375,[2.31768654 3.09827257],[-14.03686199  19.11000935]
2.757498558434218,0.31217285663661604,[2.75749856 0.31217286],[-6.72432669  9.26315755]
1.2400144458790592,2.3701474359802814,[1.24001445 2.37014744],[-6.14111494  7.09014562]
3.0883955920079615,0.6507685612501527,[3.08839559 0.65076856],[-9.06004943 12.4450458 ]
1.4511476750861658,2.6770538892048625,[1.45114768 2.67705389],[-8.28180912 10.28849107]
2.186611280127226,2.4687650972657984,[2.18661128 2.4687651 ],[-9.81942015 12.44138724]
0.6989433844230533,2.990002223233101,[0.69894338 2.99000222],[-8.51478442 11.47937908]
1.6899308382778766,0.9425286314171538,[1.68993084 0.94252863],[-2.77245551  2.22353398]
0.2589599235088898,2.0765878587627595,[0.25895992 2.07658786],[-3.41952578  4.08745919]
2.456375753170774,0.6856802136802123,[2.45637575 0.68568021],[-5.5388826   6.72376646]
0.697459675839175,1.1628219909919646,[0.69745968 1.16282199],[-0.90966618 -0.04335337]
2.491834693916802,1.0170890969252784,[2.49183469 1.0170891 ],[-6.14405238  7.46957316]
1.320767596016373,0.12273001313142712,[1.3207676  0.12273001],[-0.750673    0.63198418]
2.6739402502286564,2.8081583528388254,[2.67394025 2.80815835],[-13.94328173  19.10722239]
0.3749795973352627,1.3644250210265374,[0.3749796  1.36442502],[-1.04314331  0.52572144]
0.1873584647990017,0.9104563699221395,[0.18735846 0.91045637],[ 0.03652347 -0.46756168]
1.1276011448698096,1.7437141281129924,[1.12760114 1.74371413],[-3.40914929  2.88141606]
1.564708137551115,2.4538522194505883,[1.56470814 2.45385222],[-7.56389653  8.90228383]
0.7724298944093311,2.9084192214086575,[0.77242989 2.90841922],[-8.10857792 10.74940239]
2.3348701572164425,1.3131981793209921,[2.33487016 1.31319818],[-6.20977566  7.05607955]
1.0304203881085083,2.8492361538439845,[1.03042039 2.84923615],[-8.10545987 10.60051259]
2.3398840890384265,2.0605486310471006,[2.33988409 2.06054863],[-8.66809715 10.64097098]
1.7636661516242067,2.650198529602966,[1.76366615 2.65019853],[-9.23402603 11.44041172]
0.5230365793310842,1.9429013286314338,[0.52303658 1.94290133],[-3.09680259  3.16498986]
2.554554919483647,1.3535673668247274,[2.55455492 1.35356737],[-7.3521047   8.89954633]
2.791911900449004,0.19966553451225477,[2.7919119  0.19966553],[-6.79308861  9.6861219 ]
2.0085855849900587,2.297156719405336,[2.00858558 2.29715672],[-8.26339578 10.01120548]
2.0121881822225056,2.7918116053917945,[2.01218818 2.79181161],[-10.92744057  14.07822707]
0.9398030480364651,1.1946794819671998,[0.93980305 1.19467948],[-1.34296353  0.35201261]
2.4432626246705578,0.4944648566353041,[2.44326262 0.49446486],[-5.31388564  6.55260053]
1.9989329288525817,2.484177821150969,[1.99893293 2.48417782],[-9.18224142 11.3675231 ]
0.9957547165010174,0.2100293480197992,[0.99575472 0.21002935],[-0.13394348 -0.34028856]
0.4788934853545071,0.7126514623370838,[0.47889349 0.71265146],[ 0.16287739 -0.90866774]
2.0333270371642675,0.2680899860657776,[2.03332704 0.26808999],[-3.25655704  3.80974811]
2.7699866875018953,0.1770276527368634,[2.76998669 0.17702765],[-6.6519272  9.5143014]
2.303680574016339,1.5276332762050684,[2.30368057 1.52763328],[-6.74045082  7.61858753]
2.125820899988751,1.1694748908492787,[2.1258209  1.16947489],[-4.90597521  5.18298046]
0.5324589124352485,0.04759730151650802,[0.53245891 0.0475973 ],[ 0.72860433 -0.58855643]
2.0718199864131037,2.0282082483772332,[2.07181999 2.02820825],[-7.3075114   8.61207704]
1.7429774534853641,0.845096067816878,[1.74297745 0.84509607],[-2.6931938   2.32816849]
0.6021265405021349,2.7658365772706848,[0.60212654 2.76583658],[-7.10828644  9.28889045]
2.0144621639815665,0.013165612539277222,[2.01446216 0.01316561],[-2.95877736  4.06120673]
0.31149959885206496,0.17812270033158192,[0.3114996 0.1781227],[ 0.82710416 -0.72172521]
0.7474870736655459,1.6585791046321194,[0.74748707 1.6585791 ],[-2.22145955  1.80711079]
0.05834070438843067,0.2949718450590832,[0.0583407  0.29497185],[ 0.80960306 -0.52580104]
1.3561779025524798,0.2888750018586029,[1.3561779 0.288875 ],[-1.02033645  0.55522873]
0.3823392985068826,0.24388569031569426,[0.3823393  0.24388569],[ 0.70005698 -0.84112284]
3.111515787889029,1.082459712425126,[3.11151579 1.08245971],[-9.79318665 13.31854805]
2.654919527210583,2.111970030546891,[2.65491953 2.11197003],[-10.53315297  13.4842511 ]
1.505559568597257,1.95257077514538,[1.50555957 1.95257078],[-5.12595328  5.24222381]
1.080326853189864,1.3515734244942017,[1.08032685 1.35157342],[-2.01435531  1.12391311]
2.809999797529762,2.2936972935126416,[2.8099998  2.29369729],[-12.16137638  16.10689809]
1.7887541303866936,0.7192211750587777,[1.78875413 0.71922118],[-2.61830207  2.41789026]
0.008233853216676173,2.7185577210926812,[0.00823385 2.71855772],[-6.29074127  9.32766461]
1.3464203177084493,2.5086654722361432,[1.34642032 2.50866547],[-7.10898093  8.50232867]
2.5365457039116097,0.3323221330493938,[2.5365457  0.33232213],[-5.59362941  7.35126854]
2.7270652493396303,2.7077640852333738,[2.72706525 2.70776409],[-13.66903261  18.66808376]
2.9343409448115327,2.5803209490331596,[2.93434094 2.58032095],[-14.21656556  19.50750217]
1.5555919977497572,3.01945956038225,[1.555592   3.01945956],[-10.51300058  13.92390188]
1.163722366957872,3.045131487187524,[1.16372237 3.04513149],[-9.53671478 12.83644333]
2.9279602977942747,0.5398998951485247,[2.9279603 0.5398999],[-7.96194392 10.79316642]
1.4955063291278592,3.0220796276038016,[1.49550633 3.02207963],[-10.32142619  13.703837  ]
2.3886106427801232,0.7823764056269987,[2.38861064 0.78237641],[-5.28308506  6.29317319]
2.6701235729719683,1.31624532766522,[2.67012357 1.31624533],[-7.81184728  9.75138551]
1.923153507074668,1.2189549606979175,[1.92315351 1.21895496],[-4.27701353  4.08452428]
1.1848787516234731,2.2068198991661614,[1.18487875 2.2068199 ],[-5.27698207  5.76458615]
2.8535975547008983,2.229804227708158,[2.85359755 2.22980423],[-12.15240018  16.06328823]
0.8032734856720942,0.7249324396311806,[0.80327349 0.72493244],[-0.10251646 -0.71486118]
0.9065929535580969,2.5641034637204125,[0.90659295 2.56410346],[-6.33020481  7.85168188]
3.0876979325129374,3.1318527538350716,[3.08769793 3.13185275],[-18.24302461  26.24565902]
2.604220944050945,2.844944543768238,[2.60422094 2.84494454],[-13.79960326  18.85302139]
0.7160049359909286,0.08691974717541515,[0.71600494 0.08691975],[ 0.44436051 -0.56541314]
2.842123678947905,0.6323451848081095,[2.84212368 0.63234518],[-7.57107482 10.00611715]
2.655677975967214,1.0829571404203306,[2.65567798 1.08295714],[-7.12580805  8.97357313]
3.1076772848788097,0.7593099989622267,[3.10767728 0.75931   ],[-9.31116711 12.734445  ]
2.9186181120758627,1.383425057595609,[2.91861811 1.38342506],[-9.3624491  12.26030681]
2.2706859052135293,1.3470800092993855,[2.27068591 1.34708001],[-6.0360541   6.70574623]
2.9283737561288343,2.2945168244631917,[2.92837376 2.29451682],[-12.87555136  17.23457947]
2.6486336580996266,1.2683523866474855,[2.64863366 1.26835239],[-7.55891933  9.41398397]
2.637464631264431,2.6713234187315815,[2.63746463 2.67132342],[-12.99270869  17.56680088]
1.382762857292877,0.4041807835633137,[1.38276286 0.40418078],[-1.09155944  0.57690317]
2.980902682497176,3.060522882681479,[2.98090268 3.06052288],[-17.15479583  24.42231111]
2.860284834087732,2.4241195905679294,[2.86028483 2.42411959],[-13.03253753  17.54636139]
1.6314508599781499,1.6840146621446668,[1.63145086 1.68401466],[-4.40073686  4.36414354]
1.3206833926995207,0.9872177228885864,[1.32068339 0.98721772],[-1.78512701  0.82180468]
2.450047869506147,1.0831728389617648,[2.45004787 1.08317284],[-6.08302393  7.28555451]
0.852892371850623,1.9962518921803343,[0.85289237 1.99625189],[-3.61401238  3.7266055 ]
2.4667213952106595,0.7951832791404622,[2.4667214  0.79518328],[-5.68966918  6.91025243]
2.2221980392355296,2.4177889295401953,[2.22219804 2.41778893],[-9.70573767 12.28776093]
0.7105709663049113,2.6704178620331476,[0.71057097 2.67041786],[-6.68842804  8.51010766]
1.561093237918142,1.7937201088788646,[1.56109324 1.79372011],[-4.60977068  4.59926116]
1.9254376236123176,2.2475204780933256,[1.92543762 2.24752048],[-7.72546935  9.17140048]
0.9818822817442234,2.059952242885152,[0.98188228 2.05995224],[-4.14027106  4.33132307]
2.420917368917432,1.681289808758967,[2.42091737 1.68128981],[-7.78347309  9.1707383 ]
0.1006798339588759,2.488608401139529,[0.10067983 2.4886084 ],[-5.12351547  7.22803994]
1.46244386096676,1.0695138898367198,[1.46244386 1.06951389],[-2.36047037  1.50128851]
2.8914453033955083,1.0206083973651021,[2.8914453 1.0206084],[-8.33640166 10.98008749]
2.7490989230767817,2.522589743694584,[2.74909892 2.52258974],[-12.84369192  17.29863047]
0.7251061259187447,1.7732305370595638,[0.72510613 1.77323054],[-2.5703878   2.34357754]
0.05740067964396618,1.0928565581389693,[0.05740068 1.09285656],[-0.1308546   0.09474611]
0.8974262719137541,2.1480479865947766,[0.89742627 2.14804799],[-4.31960282  4.74801962]
0.49891628605789373,0.6998894510074332,[0.49891629 0.69988945],[ 0.17272295 -0.92008607]
1.1817261914640484,0.026102202809697515,[1.18172619 0.0261022 ],[-0.30333637  0.37865944]
0.49304153381931703,0.9824085359301683,[0.49304153 0.98240854],[-0.16819973 -0.53446717]
1.754095277055431,2.346844231907897,[1.75409528 2.34684423],[-7.65091154  8.96717716]
3.0775258461650417,2.0045114233856243,[3.07752585 2.00451142],[-12.58747447  16.81438822]
0.5818279863888263,0.5897906078416089,[0.58182799 0.58979061],[ 0.41303261 -0.97048365]
2.233588527018629,1.2143998842052068,[2.23358853 1.21439988],[-5.47505039  6.03139275]
1.3644608590159686,1.1642575354379554,[1.36446086 1.16425754],[-2.18705919  1.3770613 ]
1.779759691811194,1.298315901213038,[1.77975969 1.2983159 ],[-3.93222092  3.55018629]
0.9393174630803696,2.9526635058164175,[0.93931746 2.95266351],[-8.57914212 11.41711621]
0.7099645997899722,0.36470983273617386,[0.7099646  0.36470983],[ 0.38876143 -0.87522287]
2.7884466416846374,3.103662114579924,[2.78844664 3.10366211],[-16.34254276  23.03208888]
0.48433669559530496,1.5892174584449592,[0.4843367  1.58921746],[-1.75811812  1.37328002]
3.131244247361155,0.5239805485427351,[3.13124425 0.52398055],[-9.16753857 12.84804271]
0.44211549499397895,0.27545309464730894,[0.44211549 0.27545309],[ 0.64137654 -0.89245614]
2.8937103377445776,2.049309476465464,[2.89371034 2.04930948],[-11.66393722  15.26041807]
2.551437664871864,0.036218984700282855,[2.55143766 0.03621898],[-5.41371392  7.84697865]
0.14936939699079907,0.14749956402699932,[0.1493694  0.14749956],[ 1.05542531 -0.50560325]
1.410084470666134,0.2676339308258831,[1.41008447 0.26763393],[-1.15898087  0.76449547]
1.585570831949058,2.650149981526695,[1.58557083 2.65014998],[-8.60713357 10.60321795]
1.0728946438957505,2.447052854960824,[1.07289464 2.44705285],[-6.04450333  7.23844619]
2.613440104000453,1.4082678751411375,[2.6134401  1.40826788],[-7.81868219  9.58315921]
2.188055379995906,1.0223094965517305,[2.18805538 1.0223095 ],[-4.75687699  5.24467635]
2.5664095553621844,1.145229726475572,[2.56640956 1.14522973],[-6.80721089  8.3727397 ]
1.4303310580962496,0.49664942121086536,[1.43033106 0.49664942],[-1.23320219  0.73105421]
2.7902299986450165,0.37619985567078007,[2.79023    0.37619986],[-6.98116844  9.52095984]
2.2319221186926894,0.07164187216676268,[2.23192212 0.07164187],[-3.8995011   5.36608982]
1.691113961537414,2.1643531155076747,[1.69111396 2.16435312],[-6.58169362  7.37764752]
2.0376407811804746,1.6069112681231783,[2.03764078 1.60691127],[-5.76478527  6.17918345]
2.7562294190169427,1.362907938935669,[2.75622942 1.36290794],[-8.40581577 10.6703626 ]
3.1367837216377588,1.4446563980038567,[3.13678372 1.4446564 ],[-10.84519262  14.69000821]
0.2734398739124346,2.8089802165103444,[0.27343987 2.80898022],[-6.96332232  9.76543826]
2.3501132922319132,1.7593512674036402,[2.35011329 1.75935127],[-7.68380956  9.01776962]
2.2817932092824775,0.7421646246350536,[2.28179321 0.74216462],[-4.7260258   5.46686149]
0.3377707242360533,0.5574043639342718,[0.33777072 0.55740436],[ 0.49924538 -0.9407728 ]
2.9272685647258476,2.4961139527845067,[2.92726856 2.49611395],[-13.76979287  18.7522072 ]
2.5181192231778895,2.7294748386478913,[2.51811922 2.72947484],[-12.71099198  17.08672651]
0.19497292151910164,0.06544960206053063,[0.19497292 0.0654496 ],[ 1.00294315 -0.43624887]
1.0515340700873486,2.818956591691636,[1.05153407 2.81895659],[-7.96808314 10.36349901]
3.0344147804436217,1.5014164923761972,[3.03441478 1.50141649],[-10.41377424  13.85218654]
3.1407845822474765,3.0740414726706846,[3.14078458 3.07404147],[-18.21573129  26.19886543]
2.0049254823290585,2.2446264098411253,[2.00492548 2.24462641],[-7.99603388  9.61704403]
0.07883580600114881,0.8452370411852667,[0.07883581 0.84523704],[ 0.28762691 -0.40686421]
2.5402695569671345,0.8822212736721792,[2.54026956 0.88222127],[-6.17190088  7.61758593]
2.8738140712861124,2.521410234990708,[2.87381407 2.52141023],[-13.56600577  18.44218517]
0.4918247563708082,2.2496432455745667,[0.49182476 2.24964325],[-4.39825478  5.12263664]
2.8212933987291495,0.22467257934619242,[2.8212934  0.22467258],[-6.98068659  9.92841646]
1.8007723629933354,2.0792780237860633,[1.80077236 2.07927802],[-6.52500985  7.37225563]
1.7914867005218797,1.1289620127315307,[1.7914867  1.12896201],[-3.57497163  3.12706222]
0.7668114131851561,0.7765664959446855,[0.76681141 0.7765665 ],[-0.09156618 -0.70464529]
3.0720690584442774,0.3030056949897548,[3.07206906 0.30300569],[-8.52964425 12.308692  ]
0.5827515703380294,2.60235920674171,[0.58275157 2.60235921],[-6.20462123  7.85352411]
3.0751419253337673,1.8847645086829634,[3.07514193 1.88476451],[-12.08980681  16.09785736]
0.36322200491885087,2.233296545376046,[0.363222   2.23329655],[-4.20416549  5.04605027]
0.23591358459607734,0.11228330614935429,[0.23591358 0.11228331],[ 0.99963712 -0.55986826]
2.840639434409503,2.8376027071577177,[2.84063943 2.83760271],[-15.02122518  20.88595876]
1.9021411364048944,1.2963277855283906,[1.90214114 1.29632779],[-4.39753463  4.20027542]
2.6701384088849793,2.443952516670066,[2.67013841 2.44395252],[-12.02652376  15.9769042 ]
0.31498223123001573,2.5722044495037815,[0.31498223 2.57220445],[-5.7524297   7.65652571]
1.0336382475803363,1.5091269661904692,[1.03363825 1.50912697],[-2.44418776  1.60621403]
1.5819540162220052,0.8100953697192936,[1.58195402 0.81009537],[-2.1310363   1.53356726]
2.110787142836295,0.6116684451556496,[2.11078714 0.61166845],[-3.84937716  4.21421012]
0.8800363997299219,2.0845941081877775,[0.8800364  2.08459411],[-4.02058193  4.31073231]
1.9446486596410633,1.5157753394613858,[1.94464866 1.51577534],[-5.11837116  5.23761858]
0.420610858744196,1.4205904159092357,[0.42061086 1.42059042],[-1.20563622  0.7075787 ]
2.435597373092166,0.7285451100249307,[2.43559737 0.72854511],[-5.4691031   6.59754012]
2.8365256908201566,0.5283971767838518,[2.83652569 0.52839718],[-7.4231895   9.92031741]
2.090351057559354,0.9546679763359857,[2.09035106 0.95466798],[-4.19684568  4.47187891]
1.821018088957052,2.906705473021126,[1.82101809 2.90670547],[-10.85419715  14.07464005]
1.2741039570591306,1.312518216510033,[1.27410396 1.31251822],[-2.24885441  1.51884558]
2.4183299655508184,1.9503191485274907,[2.41832997 1.95031915],[-8.66569819 10.56683098]
0.05564405229779127,2.0534058196063403,[0.05564405 2.05340582],[-3.12882029  4.2210437 ]
0.5015472336579748,1.1908216297107934,[0.50154723 1.19082163],[-0.57005546 -0.04552616]
0.0898217020921254,0.23681179214769146,[0.0898217  0.23681179],[ 1.02442757 -0.52497146]
3.0405784799846987,0.5077181440116153,[3.04057848 0.50771814],[-8.59092416 11.90919717]
3.0476146435732967,0.9228539662634678,[3.04761464 0.92285397],[-9.14039813 12.3382917 ]
1.3767615738138879,1.0272904952408393,[1.37676157 1.0272905 ],[-2.0181461   1.09349225]
0.03237968344412903,1.8121954123622452,[0.03237968 1.81219541],[-2.18915848  2.88105112]
1.0196333497699646,1.0898945007929595,[1.01963335 1.0898945 ],[-1.14137871  0.23598868]
0.74735967075746,1.4127140652371002,[0.74735967 1.41271407],[-1.5474688   0.78846754]
2.6502781088336316,3.049961905313193,[2.65027811 3.04996191],[-15.28267695  21.25200333]
2.8294306512318492,0.7643099368572613,[2.82943065 0.76430994],[-7.63700561  9.9922138 ]
0.4463651510477391,2.4818919786131373,[0.44636515 2.48189198],[-5.45472584  6.86154502]
2.3188148697608373,1.883801983070645,[2.31881487 1.88380198],[-7.9335526   9.44599092]
0.5102709042316792,0.684977619214506,[0.5102709  0.68497762],[ 0.20215997 -0.93135558]
3.0781270609675433,2.889927458724608,[3.07812706 2.88992746],[-16.73899973  23.7169848 ]
1.0042794304006286,2.228356843710216,[1.00427943 2.22835684],[-4.8859909   5.48303025]
2.2255396842793576,1.8123066198435478,[2.22553968 1.81230662],[-7.24357462  8.39927173]
1.21646745559204,2.0932439974453185,[1.21646746 2.093244  ],[-4.91534239  5.1035041 ]
0.7708592276408843,2.8708125194413947,[0.77085923 2.87081252],[-7.88505395 10.38823345]
2.804895754451665,2.843587760234785,[2.80489575 2.84358776],[-14.85403153  20.60989606]
1.5119337619606983,1.0768987294740606,[1.51193376 1.07689873],[-2.53445575  1.71364417]
2.486917662469196,1.079974460518863,[2.48691766 1.07997446],[-6.25477668  7.56842434]
2.6758129211097113,1.5667451823416356,[2.67581292 1.56674518],[-8.67287477 10.7442143 ]
0.5051580822588984,2.5640366272096284,[0.50515808 2.56403663],[-5.92942592  7.52054761]
3.0465909603142207,3.0716919366807085,[3.04659096 3.07169194],[-17.6172232   25.19744987]
0.5695808137334589,2.1488493044792474,[0.56958081 2.1488493 ],[-3.99566181  4.44709104]
1.858683562672163,0.4997210322168954,[1.85868356 0.49972103],[-2.75324711  2.6920422 ]
0.6173356284361678,1.7466664296076775,[0.61733563 1.74666643],[-2.36575779  2.13588967]
0.8639522445979193,2.044450090717658,[0.86395224 2.04445009],[-3.82683849  4.03557464]
0.16019530147634678,1.3936915052731782,[0.1601953  1.39369151],[-0.99377158  0.82830348]
2.189086914191431,1.4905485017741527,[2.18908691 1.4905485 ],[-6.11285952  6.66840188]
2.0322234474789536,2.539715367779551,[2.03222345 2.53971537],[-9.59975583 12.01629495]
0.1747017438595719,3.055172416138199,[0.17470174 3.05517242],[-8.30353468 12.26945006]
1.6064776880374592,2.989940273127384,[1.60647769 2.98994027],[-10.52397215  13.84819088]
0.818854697518905,0.19519925749164704,[0.8188547  0.19519926],[ 0.20898902 -0.61085638]
2.768177691004148,1.5938060901565612,[2.76817769 1.59380609],[-9.25136281 11.6820836 ]
2.7966296625575517,2.31523447953881,[2.79662966 2.31523448],[-12.17460624  16.13916805]
1.491491955285385,2.604935010774601,[1.49149196 2.60493501],[-8.05517026  9.82761539]
2.749757198598,0.9222201342831376,[2.7497572  0.92222013],[-7.36680268  9.47935459]
0.0018603530058334092,1.4878125950051195,[0.00186035 1.4878126 ],[-1.11360979  1.44783366]
3.114250924234295,1.2936014337729054,[3.11425092 1.29360143],[-10.27197619  13.92822226]
2.398963714589046,1.1661726457207835,[2.39896371 1.16617265],[-6.05734435  7.09969837]
1.1515409434789774,1.5031201505126746,[1.15154094 1.50312015],[-2.63648327  1.86151127]
1.2980189111366476,2.793428712459253,[1.29801891 2.79342871],[-8.41012511 10.79329888]
2.3375222669069275,0.9526902468137946,[2.33752227 0.95269025],[-5.27204303  6.16283308]
0.5967646782019488,2.782479426320768,[0.59676468 2.78247943],[-7.19548317  9.43815147]
2.267041547821229,0.5346863141332854,[2.26704155 0.53468631],[-4.50986235  5.24727794]
1.8251137412405225,1.5791204539189798,[1.82511374 1.57912045],[-4.78419377  4.84085476]
2.457173754384708,2.8802267435526803,[2.45717375 2.88022674],[-13.30335576  17.99201691]
1.834784713302541,2.6666100682567,[1.83478471 2.66661007],[-9.57487978 11.95169884]
2.760926705720764,2.164220760416267,[2.76092671 2.16422076],[-11.34163424  14.76284062]
0.23715418232503033,2.171535199307243,[0.23715418 2.1715352 ],[-3.78869315  4.72623569]
1.2043581864791102,1.5313017615751596,[1.20435819 1.53130176],[-2.82799171  2.11940756]
2.125216502275089,2.8407888143316056,[2.1252165  2.84078881],[-11.65248572  15.24124191]
1.1239166883929235,0.2813246747502431,[1.12391669 0.28132467],[-0.41323387 -0.12581814]
1.9841184363350688,1.282915188022942,[1.98411844 1.28291519],[-4.67970336  4.63112745]
3.001975145204246,1.8449741653563454,[3.00197515 1.84497417],[-11.49788873  15.13767027]
0.26672633084481917,2.3173227828680534,[0.26672633 2.31732278],[-4.46710173  5.7141574 ]
1.5107286685503376,1.3011251591065958,[1.51072867 1.30112516],[-2.93810668  2.32674792]
1.4231921269225765,0.012702152125425255,[1.42319213 0.01270215],[-0.92665501  1.17948579]
0.6198855972264691,3.124898529123109,[0.6198856  3.12489853],[-9.24924548 12.80892969]
0.10582899546235898,3.0343233618405763,[0.105829   3.03432336],[-8.13347644 12.15633137]
2.645697424473819,0.11061709292922892,[2.64569742 0.11061709],[-5.93348033  8.51127297]
2.745635915001774,0.338905925839963,[2.74563592 0.33890593],[-6.69178212  9.13766393]
2.2158531674804083,0.10616805591699134,[2.21585317 0.10616806],[-3.84920945  5.19851139]
0.6261529263948572,2.636308438692586,[0.62615293 2.63630844],[-6.42531407  8.15945661]
0.743942005807275,3.1366912084735774,[0.74394201 3.13669121],[-9.47568863 13.02329646]
3.0610331532555066,0.08720264827043597,[3.06103315 0.08720265],[-8.28773226 12.45858493]
0.6609957133233202,1.0059039343976381,[0.66099571 1.00590393],[-0.54800264 -0.43628318]
0.7204383150070045,0.06572745316790429,[0.72043832 0.06572745],[ 0.48813361 -0.52562861]
1.3771383687246677,1.865423825707196,[1.37713837 1.86542383],[-4.44947276  4.26750788]
2.656371607761058,0.7328361039942954,[2.65637161 0.7328361 ],[-6.63280332  8.40830232]
1.1187718577227443,0.8031248277938468,[1.11877186 0.80312483],[-0.98258219 -0.05047345]
0.4754229583535317,1.4578402526356475,[0.47542296 1.45784025],[-1.31878416  0.83612396]
3.0345135906695804,0.8657596697123501,[3.03451359 0.86575967],[-8.98406718 12.11507855]
1.798174358085266,1.3892145356527525,[1.79817436 1.38921454],[-4.20872029  3.95191831]
1.7378812315362548,0.6147535557185059,[1.73788123 0.61475356],[-2.33164382  2.09103664]
3.030420932430071,1.3360174351551357,[3.03042093 1.33601744],[-9.87482383 13.20391049]
2.374022908454219,2.194594704098421,[2.37402291 2.1945947 ],[-9.37131393 11.76722615]
0.3318838930722235,2.350868767787179,[0.33188389 2.35086877],[-4.69907798  5.90795644]
3.1260688614770515,0.9358686741343476,[3.12606886 0.93586867],[-9.65397817 13.17243833]
0.6555381674585701,0.9499766381855574,[0.65553817 0.94997664],[-0.42932993 -0.54665781]
1.155155036146431,2.104666135043847,[1.15515504 2.10466614],[-4.78165264  5.00836305]
1.025170189692483,0.21245027574822503,[1.02517019 0.21245028],[-0.19529256 -0.28302286]
0.27899054839241455,0.8022937948594755,[0.27899055 0.80229379],[ 0.33838382 -0.71954657]
2.3348857162961654,0.7169125582777099,[2.33488572 0.71691256],[-4.96024598  5.8277133 ]
0.8875272893607733,1.4658669456394608,[0.88752729 1.46586695],[-2.01204822  1.16615271]
0.6793022734143951,2.4346590321474837,[0.67930227 2.43465903],[-5.42413996  6.55010975]
1.13560290892381,1.01119421613343,[1.13560291 1.01119422],[-1.25201833  0.33062117]
0.6165105650385425,0.02044403534681099,[0.61651057 0.02044404],[ 0.70575827 -0.51290273]
2.3133556266235575,2.842555370870728,[2.31335563 2.84255537],[-12.43830094  16.55164859]
1.691434958083727,2.9504201355962594,[1.69143496 2.95042014],[-10.61164221  13.8481522 ]
0.614413070778973,1.5533494180183918,[0.61441307 1.55334942],[-1.69367412  1.24527069]
2.8596901131079053,0.21907556110547888,[2.85969011 0.21907556],[-7.19177101 10.29411194]
1.361164648766136,0.8108419197948683,[1.36116465 0.81084192],[-1.5778111  0.6764545]
2.3288415069032684,0.7020008537764877,[2.32884151 0.70200085],[-4.91910593  5.7709312 ]
0.33587339215469175,2.6800043937630265,[0.33587339 2.68000439],[-6.33637673  8.5587134 ]
1.1379733622304338,0.03777469960889132,[1.13797336 0.0377747 ],[-0.21017616  0.24132448]
2.2137260357422455,0.8961243295879806,[2.21372604 0.89612433],[-4.60445185  5.18754282]
0.6416409365935405,3.030586812865215,[0.64164094 3.03058681],[-8.69423205 11.84786354]
1.2401415672708167,0.4745602398131813,[1.24014157 0.47456024],[-0.6724964   0.09691344]
1.143161802910136,0.20540308160429135,[1.1431618  0.20540308],[-0.44462921  0.0008889 ]
1.8181767657821013,0.10614424778292231,[1.81817677 0.10614425],[-2.25749175  2.78542468]
0.48066512648420806,1.604778456109155,[0.48066513 1.60477846],[-1.8119609   1.44181855]
1.8749288253189207,1.2211951171428121,[1.87492883 1.22119512],[-4.10491665  3.82110334]
1.895442536731884,1.6865296197199116,[1.89544254 1.68652962],[-5.37747117  5.71022482]
1.7319710804922979,2.225909396448623,[1.73197108 2.2259094 ],[-6.99478062  7.99303198]
1.2004202359245217,1.5036098873163037,[1.20042024 1.50360989],[-2.7232588   1.99564263]
2.5353551751880232,1.0985381265667495,[2.53535518 1.09853813],[-6.53814018  8.00183716]
1.2403031939688558,0.6923500158361933,[1.24030319 0.69235002],[-1.04648889  0.1700947 ]
0.6992736545483175,2.015406295909408,[0.69927365 2.0154063 ],[-3.49184334  3.67233246]
2.530576459876527,1.400677421444938,[2.53057646 1.40067742],[-7.38894591  8.86892115]
1.4733788549998212,0.7594066904156258,[1.47337885 0.75940669],[-1.72382374  1.02951645]
2.5980575150131706,1.390456424829287,[2.59805752 1.39045642],[-7.68411746  9.38951596]
0.6074886332456158,1.071957847231599,[0.60748863 1.07195785],[-0.55664647 -0.32262083]
0.6893203756275484,0.9972935939065053,[0.68932038 0.99729359],[-0.56660234 -0.43371375]
1.2540524824700379,1.1937727368307278,[1.25405248 1.19377274],[-1.90540034  1.09983151]
0.830381313824338,0.5596999176929569,[0.83038131 0.55969992],[-0.10258903 -0.77456821]
0.6404094100250923,1.1851297454065493,[0.64040941 1.18512975],[-0.82192453 -0.02176486]
0.6960945797094591,1.8120559749688558,[0.69609458 1.81205597],[-2.6765806   2.51988793]
2.1966622966600196,2.5124538131604575,[2.1966623  2.51245381],[-10.08985544  12.8572666 ]
2.3442513682127126,2.0948747966350165,[2.34425137 2.0948748 ],[-8.82168855 10.88977745]
1.5768013833294159,2.93007834977865,[1.57680138 2.93007835],[-10.07617317  13.12956401]
2.921923929968987,1.3254910182987723,[2.92192393 1.32549102],[-9.20832545 12.09430189]
3.1129734193746073,0.8833790866975819,[3.11297342 0.88337909],[-9.49939626 12.94921923]
1.5230073652887142,0.4537415768884796,[1.52300737 0.45374158],[-1.53338048  1.09736782]
0.8697560862104051,0.056767429308208044,[0.86975609 0.05676743],[ 0.29068109 -0.33365065]
1.1108644671209673,1.2406650937599444,[1.11086447 1.24066509],[-1.70973042  0.84348036]
1.4324962546075983,0.749233175016521,[1.43249625 0.74923318],[-1.59908458  0.86333288]
2.506916434979626,2.193803242957391,[2.50691643 2.19380324],[-10.04888072  12.79336601]
1.565131868350779,1.658818821219947,[1.56513187 1.65881882],[-4.1119276   3.95473391]
2.2961245278442397,2.3251001560143414,[2.29612453 2.32510016],[-9.57878137 12.1141078 ]
0.7483169264099208,0.6681770736429904,[0.74831693 0.66817707],[ 0.05538828 -0.82011035]
1.4611296126193678,1.6655105902600722,[1.46112961 1.66551059],[-3.85858283  3.56437014]
2.1321456302078383,1.2165559491836777,[2.13214563 1.21655595],[-5.06883689  5.35470357]
2.4807741847180447,1.1810346707992028,[2.48077418 1.18103467],[-6.48130245  7.77454919]
2.6025862255046652,2.4380141931498485,[2.60258623 2.43801419],[-11.63069603  15.3535357 ]
0.5486542628178275,0.32754883627362436,[0.54865426 0.32754884],[ 0.52298406 -0.93578672]
1.1818054842574064,0.8755123744697669,[1.18180548 0.87551237],[-1.23449621  0.21173652]
0.12948963537551433,1.5690146104009892,[0.12948964 1.56901461],[-1.45351309  1.56014034]
2.790019942052702,2.140660382573685,[2.79001994 2.14066038],[-11.41669979  14.87191565]
0.6168141059335426,0.09484700371828624,[0.61681411 0.094847  ],[ 0.53408637 -0.64441103]
2.567673670175276,3.1001105276002114,[2.56767367 3.10011053],[-15.19642564  21.07169832]
0.046300628661888873,1.59656570719909,[0.04630063 1.59656571],[-1.46173313  1.81659894]
1.8215107713604766,0.09420079856927113,[1.82151077 0.0942008 ],[-2.2590457   2.82212742]
1.8302024954568796,1.0215100914071695,[1.8302025  1.02151009],[-3.42183079  3.08282291]
2.659952316917137,1.7981156237187104,[2.65995232 1.79811562],[-9.40819523 11.70099637]
0.4345546990172106,1.3426946533799442,[0.4345547  1.34269465],[-0.96252707  0.42883473]
0.4097333542662494,2.9924113264629923,[0.40973335 2.99241133],[-8.17940245 11.44052458]
2.0847855456711555,3.0411610083449565,[2.08478555 3.04116101],[-12.69318544  16.93808899]
0.4718020153466317,0.8006338289179016,[0.47180202 0.80063383],[ 0.07459723 -0.81764835]
2.52017391135734,3.052291697371618,[2.52017391 3.0522917 ],[-14.66300632  20.19059108]
0.4258683571823559,2.3250582000683186,[0.42586836 2.3250582 ],[-4.68431942  5.67266587]
0.8217567222445072,1.4442794456272905,[0.82175672 1.44427945],[-1.80225083  0.99038212]
1.90514974170327,3.001875277107818,[1.90514974 3.00187528],[-11.73384259  15.4676514 ]
2.007426560141663,2.657936051518181,[2.00742656 2.65793605],[-10.1545735   12.85804567]
2.2589910079330613,0.09254384423134299,[2.25899101 0.09254384],[-4.03230628  5.52013977]
1.6032668978398548,3.071674507497702,[1.6032669  3.07167451],[-10.99000285  14.66141524]
0.35668088567100237,1.8809871026841256,[0.35668089 1.8809871 ],[-2.76431012  2.85533149]
1.5364766234445237,1.0389527227632596,[1.53647662 1.03895272],[-2.53979351  1.72950766]
0.8619643746386475,0.26603027280589436,[0.86196437 0.26603027],[ 0.19397093 -0.62847992]
0.9176300764641874,2.1515651618029676,[0.91763008 2.15156516],[-4.37266855  4.80416473]
2.0145062750879843,0.14319711030688456,[2.01450628 0.14319711],[-3.03656559  3.84207512]
0.6363693011511459,2.5080779288871824,[0.6363693  2.50807793],[-5.76260124  7.10194711]
1.286898100296604,2.053033589966692,[1.2868981  2.05303359],[-4.96038288  5.0622439 ]
2.5310860828079993,0.22490703915338756,[2.53108608 0.22490704],[-5.44175993  7.40197363]
1.85338297285651,1.8164676978549301,[1.85338297 1.8164677 ],[-5.63587563  6.12946534]
2.5852743172257866,2.83394172852117,[2.58527432 2.83394173],[-13.64059649  18.59130594]
0.46586717252407067,2.442849812073921,[0.46586717 2.44284981],[-5.28374846  6.55166088]
1.42986906620946,2.3686783825515256,[1.42986907 2.36867838],[-6.72933833  7.71323076]
2.964907203640832,2.8113526528953137,[2.9649072  2.81135265],[-15.60328447  21.83623722]
1.3698080264073835,2.391320567490379,[1.36980803 2.39132057],[-6.64000433  7.66731898]
1.8695395528852976,2.9323275852769917,[1.86953955 2.93232759],[-11.18788222  14.58371214]
1.324712774627617,2.162320963170188,[1.32471277 2.16232096],[-5.51128384  5.88692429]
0.738225137418093,1.8884127778604365,[0.73822514 1.88841278],[-3.01617658  2.96888252]
2.823372164111391,1.85518478104254,[2.82337216 1.85518478],[-10.51238073  13.46916801]
1.0148385612305524,3.0945435033782034,[1.01483856 3.0945435 ],[-9.57106638 12.99342947]
0.39426745449000555,1.4128737228935597,[0.39426745 1.41287372],[-1.1867268   0.68903561]
1.4920880075803244,1.2674743978145246,[1.49208801 1.2674744 ],[-2.80601507  2.14651113]
2.998332029588124,0.26682942468266274,[2.99833203 0.26682942],[-8.04618427 11.59206289]
2.5085890273814444,2.512312397934119,[2.50858903 2.5123124 ],[-11.50473953  15.16766214]
1.9592902221973743,2.805242457954068,[1.95929022 2.80524246],[-10.80280569  13.88734149]
2.5407152514728377,1.4618099199645933,[2.54071525 1.46180992],[-7.64003137  9.17919412]
0.541558330462478,0.8570012975480665,[0.54155833 0.8570013 ],[-0.1195366  -0.74164596]
0.4215026562224213,3.0633869083211818,[0.42150266 3.06338691],[-8.61986009 12.15422855]
1.900074202371716,0.4538220679510333,[1.9000742  0.45382207],[-2.89822188  2.92468035]
2.4278403400482964,0.0527710074644322,[2.42784034 0.05277101],[-4.80317821  6.8331643 ]
0.63873603007576,1.3840665070955194,[0.63873603 1.38406651],[-1.24310064  0.60164255]
2.0724220128101365,1.1386910648051494,[2.07242201 1.13869106],[-4.6099199   4.76087453]
1.1278884471141346,0.4328300162761636,[1.12788845 0.43283002],[-0.368183   -0.20248858]
1.9774533624469124,2.3099560569914384,[1.97745336 2.30995606],[-8.2135854   9.91761873]
0.7169133790978665,0.6394642871079985,[0.71691338 0.63946429],[ 0.13828908 -0.8669966 ]
2.5197753908540714,2.8360097999716385,[2.51977539 2.8360098 ],[-13.33353438  18.07286883]
1.3760427120994783,2.0959657789085537,[1.37604271 2.09596578],[-5.38572667  5.6291152 ]
0.011951171086948934,0.8636689986504097,[0.01195117 0.863669  ],[ 0.35149238 -0.2591064 ]
2.047350735604213,1.3429083176147998,[2.04735074 1.34290832],[-5.09412016  5.20957746]
2.419901253389153,1.001436110038339,[2.41990125 1.00143611],[-5.75879771  6.87491799]
1.3466106152208304,2.0358417836652336,[1.34661062 2.03584178],[-5.05773346  5.15111904]
0.004561323459996052,0.3334427901161942,[0.00456132 0.33344279],[ 0.9864097  -0.45359843]
2.3660725978749757,1.2004547448765028,[2.3660726  1.20045474],[-6.0058853   6.94572758]
2.8198423713419096,2.3391285063265803,[2.81984237 2.33912851],[-12.41462253  16.52812458]
3.138663056306927,1.2873991095939932,[3.13866306 1.28739911],[-10.40875479  14.16508017]
1.5678838616609365,1.657775132501779,[1.56788386 1.65777513],[-4.11625011  3.9616384 ]
0.9021405341017356,0.01510705356421172,[0.90214053 0.01510705],[ 0.28234692 -0.20632364]
0.9890458511492999,0.29496653995891325,[0.98904585 0.29496654],[-0.07271233 -0.43759087]
1.4695379434579243,1.6022422273268062,[1.46953794 1.60224223],[-3.64964751  3.3098835 ]
2.7387423738267294,0.6133906833155055,[2.73874237 0.61339068],[-6.96968581  9.04964973]
2.77655558347916,1.7154015496459454,[2.77655558 1.71540155],[-9.73604767 12.3198125 ]
0.7075424101541653,1.603567098082912,[0.70754241 1.6035671 ],[-1.97864594  1.52186838]
1.6519229864488405,0.20113652569196366,[1.65192299 0.20113653],[-1.80526231  1.83249189]
2.8745862110924882,2.975898794036966,[2.87458621 2.97589879],[-16.02303269  22.53746902]
1.2249679083971647,1.7120289064573118,[1.22496791 1.71202891],[-3.5187591   2.98918508]
1.385463081670173,0.897092250825923,[1.38546308 0.89709225],[-1.82162886  0.88345425]
1.475771416509857,2.9285709512774085,[1.47577142 2.92857095],[-9.71682715 12.70017345]
0.1734515646351391,1.8455670170253613,[0.17345156 1.84556702],[-2.4290616   2.83436896]
2.1376980445734297,1.653215350784332,[2.13769804 1.65321535],[-6.34753695  7.02392106]
0.7451020957107987,0.49101770401325595,[0.7451021 0.4910177],[ 0.10424452 -0.87968856]
1.3609053456322666,2.8981602465412672,[1.36090535 2.89816025],[-9.17761855 11.98466116]
1.0971418730148337,1.974362353274188,[1.09714187 1.97436235],[-4.12765974  4.06064553]
1.103425278077012,2.0734105735922133,[1.10342528 2.07341057],[-4.51367393  4.6794858 ]
2.233237416732393,0.9218156761946158,[2.23323742 0.92181568],[-4.73711293  5.36408081]
2.961321888788595,1.7555219964565223,[2.96132189 1.755522  ],[-10.9163131   14.26888185]
0.07759317178992782,1.2101991888798918,[0.07759317 1.21019919],[-0.41864625  0.36562083]
1.8294034758832467,1.5391552874511474,[1.82940348 1.53915529],[-4.69628347  4.69431463]
1.259150474596713,0.026565723725298838,[1.25915047 0.02656572],[-0.49180778  0.60089891]
1.1027312991292115,1.8375533875803984,[1.1027313  1.83755339],[-3.66393549  3.30466817]
2.6581686804738074,2.312144338682266,[2.65816868 2.31214434],[-11.36759397  14.88311832]
2.743932866821754,2.4490584077581796,[2.74393287 2.44905841],[-12.46548732  16.66812678]
2.271027173805707,2.608320417796866,[2.27102717 2.60832042],[-10.91592123  14.16310447]
1.0845234300897493,2.4723888939508085,[1.08452343 2.47238889],[-6.19432203  7.46397118]
2.5295092421680656,1.3538555374578227,[2.52950924 1.35385554],[-7.23222941  8.69595409]
2.188708236109723,0.8269268724537235,[2.18870824 0.82692687],[-4.38665722  4.91723337]
0.22268684137903624,1.2428252469626493,[0.22268684 1.24282525],[-0.68959328  0.25738387]
0.7342634333368523,0.992795428829688,[0.73426343 0.99279543],[-0.59698422 -0.40454662]
1.5801416758367315,2.0752835227422595,[1.58014168 2.07528352],[-5.85873225  6.29644843]
2.5122668368032843,2.279323339735934,[2.51226684 2.27932334],[-10.4355136   13.43041874]
1.5719647031938246,0.016141788183675575,[1.5719647  0.01614179],[-1.37268013  1.76645419]
2.434035587700128,0.8958387449771703,[2.43403559 0.89583874],[-5.64688339  6.79436393]
2.399059477372321,0.4501395236145188,[2.39905948 0.45013952],[-5.05660215  6.21782593]
1.3861459174809023,2.782557919807037,[1.38614592 2.78255792],[-8.61970151 10.99065049]
0.027265095794376696,0.005026908862218968,[0.0272651  0.00502691],[ 0.90173873 -0.0630467 ]
1.9525592381974464,1.0065841439075824,[1.95255924 1.00658414],[-3.80210438  3.73311167]
0.5082478873929166,0.09702747215849875,[0.50824789 0.09702747],[ 0.63303036 -0.67509023]
2.4438032075580693,1.0999597619186008,[2.44380321 1.09995976],[-6.09356359  7.27664525]
1.8872191428651601,1.8469035775743898,[1.88721914 1.84690358],[-5.87413713  6.4770524 ]
1.1509333551764127,1.814593460300962,[1.15093336 1.81459346],[-3.71022517  3.3037404 ]
0.0138871340902762,1.3571067573145945,[0.01388713 1.35710676],[-0.74326883  0.94187542]
1.165141457812853,0.8293559826043738,[1.16514146 0.82935598],[-1.13441002  0.10177704]
1.2063696391200285,2.4855437936886404,[1.20636964 2.48554379],[-6.5748125   7.88268445]
1.4104210669368376,1.0320918745826302,[1.41042107 1.03209187],[-2.13207979  1.22397656]
1.5084223066073752,3.0941173661160173,[1.50842231 3.09411737],[-10.7927457   14.49272092]
2.6689499827293446,0.3025657503268558,[2.66894998 0.30256575],[-6.23815684  8.48664862]
1.607984862612448,1.7655534019987589,[1.60798486 1.7655534 ],[-4.62940563  4.65851174]
0.33733442685209014,2.659332918290696,[0.33733443 2.65933292],[-6.22916336  8.37835748]
0.37117771914226805,1.3772330446367924,[0.37117772 1.37723304],[-1.08251367  0.57226599]
0.07647474090992723,0.35425539368781,[0.07647474 0.35425539],[ 0.77202085 -0.59876973]
1.6669285000581844,0.03845695907893376,[1.6669285  0.03845696],[-1.686863    2.14948821]
0.3195955610683157,1.881942254670528,[0.31959556 1.88194225],[-2.73388767  2.88462031]
1.4772060288914506,2.2877019315424665,[1.47720603 2.28770193],[-6.51258292  7.30161964]
2.3257215210623823,0.2143135864235836,[2.32572152 0.21431359],[-4.44487187  5.8297516 ]
0.8087023414903718,0.591238389394817,[0.80870234 0.59123839],[-0.08157727 -0.79275684]
1.8315070059421705,0.5027425033681635,[1.83150701 0.5027425 ],[-2.64849276  2.54583686]
3.09840743665676,2.053039984333846,[3.09840744 2.05303998],[-12.91491129  17.3273088 ]
0.8599778015720131,1.2284257123501108,[0.8599778  1.22842571],[-1.34261306  0.32037607]
1.783393305632522,2.4371536660037845,[1.78339331 2.43715367],[-8.19779417  9.79932541]
1.5482982012024862,0.6799595892279935,[1.5482982  0.67995959],[-1.76522173  1.26262914]
1.4735879517290464,2.2411794219784427,[1.47358795 2.24117942],[-6.29364368  6.95915856]
2.447588584116074,0.8704051972556296,[2.44758858 0.8704052 ],[-5.67981445  6.86060261]
1.8668541636679694,0.9974814954664423,[1.86685416 0.9974815 ],[-3.47986524  3.23155629]
2.7225058082882234,2.978955753295073,[2.72250581 2.97895575],[-15.21098131  21.16950739]
3.0837549116023015,0.6625286500709429,[3.08375491 0.66252865],[-9.04551558 12.40441001]
1.4408336128647832,2.5591403118578415,[1.44083361 2.55914031],[-7.65953777  9.25045342]
2.8849759785305933,1.9023715276935795,[2.88497598 1.90237153],[-11.04162959  14.30951264]
0.3754107912460343,0.6857736076031989,[0.37541079 0.68577361],[ 0.37286281 -0.89993139]
2.661714354911544,2.7637203597924116,[2.66171435 2.76372036],[-13.62736319  18.59487764]
1.0567614283726188,2.574810062321941,[1.05676143 2.57481006],[-6.64652589  8.22964017]
2.2647137711755394,0.5404326308692634,[2.26471377 0.54043263],[-4.5031652   5.23169898]
1.7457709839479192,3.015881525718959,[1.74577098 3.01588153],[-11.19481661  14.76321039]
1.216841945325881,1.079231880677149,[1.21684195 1.07923188],[-1.58791194  0.69874389]
1.2954855286513567,0.3870548990505889,[1.29548553 0.3870549 ],[-0.83480031  0.29110764]
0.10940085403523937,0.06366876945876801,[0.10940085 0.06366877],[ 0.92925843 -0.31409473]
2.3942809287974622,1.6618480766946984,[2.39428093 1.66184808],[-7.59033666  8.87638238]
2.516401522031694,2.37770288234906,[2.51640152 2.37770288],[-10.89584771  14.18328642]
1.7906807993039777,1.8158534158018942,[1.7906808  1.81585342],[-5.40448426  5.79465428]
1.6636876385753931,0.13511078054022024,[1.66368764 0.13511078],[-1.75902843  1.97462613]
1.4552612997897478,0.38867312643577745,[1.4552613  0.38867313],[-1.31997025  0.84983565]
2.713684987713296,2.862969659537899,[2.71368499 2.86296966],[-14.46971047  19.96805367]
1.4338112061329944,1.2811079696149532,[1.43381121 1.28110797],[-2.63481198  1.96426606]
2.7408503066056755,0.7863328833086719,[2.74085031 0.78633288],[-7.15455908  9.20679323]
0.890940831511251,1.786032209597083,[0.89094083 1.78603221],[-2.94014507  2.61342716]
2.166110193206946,0.8755443540427646,[2.16611019 0.87554435],[-4.35955127  4.83391348]
0.2072747025027886,2.4561208520307094,[0.2072747  2.45612085],[-5.05330555  6.82419378]
1.4303020390083203,1.1012388786670362,[1.43030204 1.10123888],[-2.30620282  1.45390015]
1.1599010561272107,2.217562664281838,[1.15990106 2.21756266],[-5.2486756   5.77098182]
2.2420152773866393,2.252714472136205,[2.24201528 2.25271447],[-9.00142752 11.21325049]
0.20073690850084325,1.1846515933205384,[0.20073691 1.18465159],[-0.53347972  0.1166124 ]
2.359319335958378,0.3672213883222686,[2.35931934 0.36722139],[-4.77955551  5.94939711]
1.2033119802021852,1.242443855183731,[1.20331198 1.24244386],[-1.89488481  1.09174124]
0.6669623381916633,2.21567318541458,[0.66696234 2.21567319],[-4.3574567  4.9428218]
0.33181962134966075,1.1694162905540502,[0.33181962 1.16941629],[-0.50610883 -0.04719438]
2.377155453417572,2.0465020533885294,[2.37715545 2.04650205],[-8.80221888 10.83076239]
2.6114967539324057,1.1164551884978695,[2.61149675 1.11645519],[-6.96801754  8.67687108]
1.134945806101807,0.35904790676711235,[1.13494581 0.35904791],[-0.39813868 -0.15395266]
0.523397174351101,2.0082936964222577,[0.52339717 2.0082937 ],[-3.36636429  3.5509946 ]
0.8539508911718925,0.8503453203615793,[0.85395089 0.85034532],[-0.35237657 -0.50395385]
2.268599651538928,3.1414205792552186,[2.26859965 3.14142058],[-14.09858766  19.21009481]
1.220195804689321,0.03498398050426021,[1.2201958  0.03498398],[-0.40043468  0.46984379]
1.5853249845184891,1.7937101650870566,[1.58532498 1.79371017],[-4.67540452  4.70323263]
0.12516768732440958,3.0610075545418227,[0.12516769 3.06100755],[-8.30606195 12.39851791]
1.7297310743467678,1.2972644475909658,[1.72973107 1.29726445],[-3.73926782  3.29573823]
0.04964486039419586,1.5056779458634755,[0.04964486 1.50567795],[-1.18311668  1.42841577]
1.546146800490536,1.664291705091982,[1.5461468  1.66429171],[-4.0772615   3.89999661]
